SPY,EFA,EEM,TLT,LQD
61.378151,18.64402,7.911395,46.239758,48.859913
61.95089,18.899652,8.005392,46.48951,48.949291
60.895111,18.774763,8.097818,46.680801,49.280087
61.799095,19.046013,8.155784,46.755188,49.177246
61.861168,18.979662,8.152649,46.65419,49.280087
63.027283,19.254816,8.180068,46.627666,49.30238
63.606972,19.424585,8.218449,46.723328,49.588482
63.041084,19.272379,8.056306,47.143082,49.879044
62.261414,18.930878,7.923142,47.249378,49.883522
63.337845,19.26652,8.053956,47.174988,49.91032
63.558643,19.37776,8.283463,47.09528,49.731544
63.420635,19.477282,8.259964,47.531006,50.084648
63.413746,19.557287,8.227848,47.553967,50.365219
64.31768,19.727068,8.35396,47.180008,50.194118
64.193489,19.877317,8.444042,47.431068,50.419281
64.800735,20.296875,8.487123,47.666119,50.684978
64.441902,20.109541,8.471457,48.221687,51.02277
63.793259,19.807064,8.397041,48.33923,51.027275
64.676514,20.056854,8.49574,48.387314,50.937195
65.470016,20.216869,8.614018,48.691818,51.112808
65.352707,20.21492,8.565454,48.798656,51.117363
65.214691,20.220781,8.522371,49.546524,51.342552
65.628754,20.255898,8.539604,49.701431,51.324512
65.463165,20.50569,8.54587,50.064667,51.666794
63.931267,19.951477,8.342211,49.893776,51.455143
63.800175,20.150522,8.383722,50.630909,51.612751
63.931267,19.941719,8.390776,50.625576,51.612751
64.566071,20.209061,8.466756,51.074287,51.959526
64.697174,20.324202,8.5537,51.202496,52.03159
65.828865,20.499826,8.859977,50.278358,51.851471
66.015137,20.597406,8.898356,50.192863,51.644283
65.842628,20.694969,8.910106,50.630909,52.018101
66.898407,20.734005,9.013506,50.534756,52.040588
67.1744,20.927195,9.078519,50.163548,51.819939
67.450401,20.977928,9.009587,50.565838,52.295712
68.42337,21.104773,9.125515,50.71608,52.36375
68.761482,21.31748,9.134915,50.319107,52.277588
68.492363,21.44628,9.220298,50.501472,52.36375
67.795418,21.292109,9.141183,50.839508,52.476986
68.485458,21.463837,9.235184,51.44566,52.884861
69.209991,21.817051,9.243012,51.38129,52.825932
69.423912,21.875601,9.312726,51.783627,53.016273
68.699348,21.748755,9.309594,52.132294,53.238358
70.148438,22.066832,9.409855,51.638802,53.043476
70.148438,22.111712,9.603333,51.231087,52.875782
70.086334,22.049265,9.568084,50.576637,52.386383
69.0168,21.787781,9.568084,50.480034,52.476986
68.864426,21.817051,9.568084,50.292324,52.227783
68.158035,21.575068,9.333095,50.592697,52.49062
68.227287,21.405296,9.264161,51.05941,52.567642
67.541718,21.192587,9.340925,50.244019,52.300297
68.421219,21.290161,9.441976,49.568134,51.842575
67.631744,21.130142,9.398107,49.391064,51.706619
67.610924,21.136,9.391842,49.621693,51.946796
68.234253,21.260885,9.49367,49.375622,51.665554
69.092972,21.680449,9.716914,49.499466,51.847908
68.379692,21.563374,9.744329,48.788673,51.528786
69.736969,21.959503,9.985589,48.47633,51.278141
70.048622,21.856081,10.013785,48.519424,51.323681
69.6539,21.742895,9.990289,48.675594,51.506081
68.767471,21.631664,9.814824,48.659401,51.610863
69.418442,21.584831,9.897072,48.890995,51.674686
69.757751,21.817051,10.070966,48.330933,51.537926
69.605461,21.612148,9.944072,47.200047,50.949997
69.196823,21.450178,9.951907,47.46933,50.931725
68.21347,21.114531,9.691846,47.323914,50.69471
68.912933,21.44628,9.821093,47.226978,50.908928
68.061104,21.282358,9.691062,46.225368,50.293594
68.677444,21.231617,9.806993,46.45153,50.252563
68.725922,21.545805,9.744329,46.607677,50.585304
68.206566,21.580925,9.791328,46.198467,50.366535
69.411522,21.85218,9.951907,46.074585,50.252563
69.155296,21.908766,10.006734,45.455284,49.751156
68.836723,21.817051,9.950336,44.83604,49.29538
68.670517,21.635567,9.877493,45.342224,49.546062
68.829788,21.45603,9.92449,44.66909,48.930733
68.220367,21.452135,9.94642,44.635567,49.07621
68.220367,21.51458,9.902556,45.019638,49.365288
66.77301,21.313574,9.796026,44.375893,49.140419
67.16082,21.280401,9.752163,45.252274,49.328571
67.867203,21.407248,9.823442,45.44157,49.5993
68.061104,21.473598,9.889241,45.257683,49.626831
68.317345,21.680449,9.932321,45.030434,49.43412
68.94062,21.772161,9.971488,44.819489,49.379078
68.587402,21.787781,10.112483,43.95393,48.823833
68.774384,22.098051,10.245644,44.386677,48.88805
68.989105,22.047319,10.143816,44.359684,48.984432
69.584656,22.353701,10.360006,44.56522,49.145004
69.847816,22.304911,10.410924,45.252274,49.580952
69.563835,22.263927,10.412491,45.008804,49.42955
69.785469,22.304911,10.603615,44.900616,49.190914
69.092972,22.176117,10.657662,45.10078,49.42955
69.203773,22.086353,10.574633,44.749153,49.209274
69.328453,21.971214,10.445387,45.10078,49.305649
69.349182,22.010237,10.5668,44.89521,49.296455
69.778549,22.139034,10.640431,45.360435,49.658928
70.249451,22.16246,10.717196,45.252274,49.640614
71.191299,22.498106,10.876206,44.590408,49.522312
71.579102,22.792759,10.962368,44.661064,49.665581
71.613739,22.765444,11.001534,44.910976,49.836536
71.212067,22.810329,10.991353,45.682625,50.215527
71.80072,22.911806,11.199712,45.209858,50.030655
71.329796,22.956686,11.00545,45.5359,50.187744
70.609589,22.724463,10.822159,45.997761,50.589844
70.817368,22.851309,10.809627,45.69894,50.326405
70.948929,22.948883,10.886389,46.014095,50.696133
70.699615,23.015228,10.725814,45.943459,50.714626
71.731514,23.243555,10.946704,45.872826,50.825474
71.592972,23.395763,10.899708,46.443398,51.135132
72.437813,23.641644,11.025034,46.475986,51.065819
72.069382,23.553823,10.974118,46.530296,51.116676
71.290779,23.288427,10.794743,46.160801,50.927177
71.561913,23.341124,10.821374,46.475986,51.00111
70.289749,23.227942,10.840956,46.878071,51.195229
69.712746,22.929377,10.680381,47.111691,51.3708
69.483353,22.831793,10.605966,47.535553,51.689713
70.164619,23.124512,10.681163,47.155205,51.551052
69.483353,22.831793,10.647481,47.937668,51.893002
70.964066,23.581146,10.92712,47.755966,52.042351
71.221275,23.544067,11.083782,47.537712,51.842304
71.874748,23.887516,11.193444,46.53915,51.121342
72.201469,24.1373,11.236526,46.741039,51.172504
72.479561,24.100227,11.224776,46.200821,51.000378
72.298828,24.000704,11.308589,46.189938,51.18644
72.493454,24.166578,11.498937,45.862541,51.009689
72.695038,24.268059,11.639931,46.135368,51.260887
72.9245,24.508081,11.816171,45.955315,51.228298
73.181694,24.636875,11.590582,45.638824,51.019024
72.987015,24.4027,11.730794,45.415085,51.02364
73.279007,24.549067,11.727659,45.23502,50.860825
72.479561,24.422222,11.656379,45.584248,51.139973
73.02182,24.683706,11.721395,45.737057,51.18644
72.896667,24.599794,11.780139,45.906181,51.205074
71.979019,24.359774,11.607029,46.353626,51.353958
71.846947,24.051441,11.43627,46.015324,51.074818
72.006859,24.09828,11.375956,46.528252,51.44696
72.04158,24.205608,11.506769,46.435493,51.3307
73.02182,24.490519,11.664212,46.681007,51.670223
73.119148,24.461248,11.761338,46.260876,51.307396
73.272057,24.488567,11.719044,46.053501,51.237671
73.202522,24.31489,11.625045,46.484608,51.237671
73.682228,24.43782,11.902337,46.26432,51.264221
73.522331,24.572472,11.935237,46.527321,51.343624
73.577927,24.431976,11.950901,46.20953,50.984013
73.967209,24.217318,11.86552,45.776695,50.703896
73.41803,24.441727,11.878051,45.749313,50.801952
73.119148,24.238781,11.714344,45.710941,50.652477
73.098282,24.147064,11.563949,45.716423,50.871998
73.918617,24.650528,11.76996,46.050663,50.900036
73.939461,24.791039,11.860823,46.762932,51.38102
73.313782,24.623215,11.80051,47.075245,51.661182
72.945328,24.199753,11.570216,47.146473,51.759254
72.187561,24.295368,11.592931,47.436794,51.988022
72.799347,24.35392,11.517735,46.910843,51.530437
72.145866,24.197802,11.368907,47.365623,51.777946
72.444809,24.459291,11.467599,47.393024,51.950684
73.404144,24.642731,11.592149,47.004025,51.600452
73.682228,24.681761,11.632096,47.261497,51.763882
73.946388,24.89056,11.738624,47.069729,51.651863
74.001999,24.929594,11.843589,46.64238,51.394981
74.80146,25.423309,12.182758,46.382504,51.288113
74.613754,25.483797,12.128713,46.580681,51.428764
74.495583,25.534534,12.086412,46.393509,51.339653
74.80146,25.593079,12.003381,46.498123,51.381882
74.280083,25.409645,11.980665,47.241417,51.916363
74.780624,25.622353,12.004167,46.911041,51.527225
74.203606,25.515022,11.954035,46.580681,51.36314
74.196632,25.331585,11.906256,46.657776,51.48032
75.030876,25.612595,12.123229,46.99366,51.714798
75.176888,25.696507,12.178843,47.081776,51.855392
74.80146,25.524775,12.188243,47.054237,51.738201
75.190781,25.851841,12.13733,47.20842,52.514492
75.427147,25.791124,11.996335,47.527771,52.633251
76.275261,26.174995,12.189812,47.957218,52.937111
76.06292,26.028116,12.219575,47.940701,52.970333
76.593765,26.200138,12.392123,47.808582,52.870613
76.642662,26.255623,12.425953,47.268967,52.566753
76.565796,26.319046,12.466085,47.714939,52.880119
76.621666,26.271473,12.497553,47.891136,52.894367
77.641441,26.713434,12.686389,47.461685,52.789913
77.655441,26.764963,12.746969,47.268967,52.585747
77.725273,27.107822,12.907676,47.268967,52.71685
77.690338,27.181143,13.195071,46.710251,52.340218
78.5355,27.704365,13.658057,46.588566,52.397438
78.612328,27.745977,13.503731,47.103008,52.869453
78.877747,27.468512,13.535227,47.291103,52.912354
79.192024,27.862909,13.586401,47.274502,52.998131
78.500557,27.686525,13.561996,48.09874,53.427219
79.080322,27.678589,13.550187,48.06002,53.517857
78.619308,27.518061,13.473022,48.386356,53.660866
79.275864,27.755877,13.49428,48.624256,53.775303
79.471436,27.587423,13.218694,48.80682,54.018444
79.785774,27.488333,13.275381,48.463852,53.780067
79.764778,27.785618,13.661208,48.452778,53.670387
80.393394,28.122534,13.679319,48.568928,53.79435
80.183861,28.140373,13.644671,48.922974,54.06612
79.92543,27.83913,13.621837,48.336582,53.637058
80.931206,27.92831,13.712386,48.043388,53.341412
80.100029,27.805433,13.643096,48.342102,53.665634
79.185074,27.4487,13.450186,47.91618,53.241314
79.261864,27.484371,13.238375,47.816593,53.23175
79.261864,27.413034,13.220273,48.148521,53.360508
79.604126,27.349604,13.223418,48.047432,53.346153
79.471436,27.399158,13.149405,48.291832,53.456249
78.821846,27.101871,13.031293,48.197369,53.413132
79.05233,27.21484,13.027357,48.008537,53.32222
79.939369,27.728144,13.324202,48.536213,53.480171
79.960335,27.902548,13.516326,48.680672,53.705139
80.218796,28.023436,13.504514,48.408485,53.547234
81.070885,28.34054,13.713965,48.769512,53.872681
80.777542,28.092796,13.706875,48.563992,53.776951
80.414368,28.057127,13.716326,48.769512,54.083263
81.140778,28.598175,13.991908,48.736179,53.925301
80.784538,28.201801,13.801359,48.802837,53.80085
80.484215,28.390076,13.68089,48.852825,53.992348
80.239731,28.043261,13.527347,48.514027,53.72908
80.037209,28.122534,13.409241,48.813965,53.877441
79.897461,28.013536,13.338375,48.90284,53.930092
80.232765,27.805433,13.484045,48.98061,53.96843
80.281631,27.815338,13.550971,48.825077,54.00668
80.33754,28.043261,13.743095,49.247211,54.164658
81.133781,28.419809,14.056479,49.228264,54.147839
80.658829,27.96398,13.944667,48.915939,54.042099
80.805473,27.904522,13.858059,48.826729,54.018066
81.015053,27.993711,13.952538,49.044182,54.104618
81.287422,28.320713,14.003718,49.992302,54.681198
80.295624,28.138393,13.869866,50.287865,54.834946
79.974312,27.94416,13.779313,50.622509,54.945423
78.633255,27.496256,13.464355,50.589058,55.123249
77.613487,27.050341,13.173024,50.66156,54.887806
78.633255,27.28817,13.283256,50.349232,54.825336
77.66938,26.824423,13.03523,50.432892,54.887806
78.08149,27.07214,13.196645,50.851162,55.137676
78.954567,27.636971,13.377746,50.767529,55.16647
78.975494,27.627064,13.456488,50.49979,54.935844
77.843529,27.270334,13.279325,50.432892,54.849358
76.855255,26.915581,13.066726,50.739639,55.060806
76.722069,27.121695,13.198222,50.828869,55.161686
76.785156,27.014668,13.20846,50.800968,55.108833
77.801468,27.527983,13.337593,50.60574,54.959862
77.822502,27.409058,13.313181,50.070389,54.551437
78.915916,27.805433,13.484045,49.735775,54.637943
79.182297,27.864883,13.649393,49.702305,54.50341
79.273422,28.063072,13.818683,49.942112,54.700424
79.750023,28.435665,13.931285,49.778671,54.676804
80.352814,28.516922,14.07065,48.54689,53.823055
80.794373,28.516922,14.169069,48.166168,53.552975
80.535049,28.429718,14.247812,48.429333,53.803761
80.34581,28.47332,14.19663,48.317352,53.818203
80.163567,28.413858,14.208443,48.177391,53.871296
80.478996,28.598175,14.317894,48.003822,53.543289
79.350525,28.231548,14.15097,47.483124,53.205688
79.476662,27.940191,13.942308,47.443974,53.133343
79.175255,27.745977,13.826561,47.16399,52.911457
79.785088,28.043261,13.928918,47.343185,53.215347
79.785088,28.072987,13.952538,47.242401,53.118828
78.446342,27.686525,13.830498,46.811279,52.77158
78.972008,27.874798,13.728137,47.04084,52.814972
80.079475,28.072987,13.724202,47.320766,53.104378
80.156563,28.033339,13.826561,47.05204,52.877701
80.044403,28.025419,13.629711,47.130451,52.882515
80.114525,28.053171,13.557269,47.309589,53.133343
79.077133,27.535904,13.169087,46.867279,52.810184
78.383232,27.240604,12.735236,46.637726,52.573814
77.773468,27.111784,12.464374,46.82806,52.573814
78.607552,27.389242,12.589573,46.887093,52.642601
78.544434,27.738052,12.83602,46.566746,52.46822
79.049126,28.043261,12.867519,46.437443,52.390743
78.369217,27.4487,12.600595,46.313801,52.1535
77.072533,26.705503,12.317135,45.70676,51.475563
76.280495,26.021763,11.722654,45.599972,51.092968
76.925339,26.210039,12.070683,45.807949,51.194675
77.41597,26.378494,12.074616,45.504417,51.214024
77.093567,26.10104,12.04312,45.330177,50.942875
77.128593,26.079233,11.725805,45.701145,51.252804
76.469757,25.793848,11.256524,46.105824,51.499783
76.855255,26.067339,11.59116,45.92598,51.572418
76.588882,26.324987,11.911627,45.774216,51.402927
76.834213,26.358683,11.838402,46.128315,51.688625
76.967377,26.552902,12.032885,45.942825,51.645046
77.289795,26.723345,12.220285,46.089001,51.853252
78.397255,27.121695,12.489569,46.22385,51.906532
78.670609,27.07214,12.440749,46.471157,52.138988
79.112206,27.587423,12.637599,46.836544,52.376225
79.105179,27.420952,12.610042,46.707233,52.298779
79.000053,27.486361,12.522643,46.279568,52.019676
79.294411,27.565622,12.522643,46.161049,51.883545
78.565468,27.300064,12.244693,46.256985,52.019676
79.189301,27.627064,12.425005,45.986141,51.834953
80.394875,28.237478,12.854135,45.997437,51.902981
80.507019,28.078936,12.675394,46.082035,51.907814
79.75705,27.597351,12.388787,45.884575,51.679321
80.149529,27.924339,12.402958,45.974834,51.70853
79.357559,27.252497,11.925013,45.608074,51.445961
79.918243,27.736063,12.155722,46.572964,52.029404
79.904213,27.72616,11.992729,46.392372,52.034233
79.785088,27.904522,12.05257,46.697083,52.136406
79.935623,27.954075,11.984067,46.595543,52.073143
79.633133,27.854979,12.039187,46.629379,52.165543
80.034096,27.866871,12.166739,46.488285,52.092625
80.723511,28.043261,12.383272,46.578598,52.058594
80.470245,28.15226,12.432879,46.860714,52.228718
80.083344,28.049196,12.558862,46.905876,52.267605
79.80899,28.221632,12.451778,46.426258,51.902981
80.139603,28.162174,12.54705,46.71965,52.267605
80.568733,28.34054,12.726576,47.199268,52.36491
79.450226,27.983805,12.567523,47.287624,52.626575
79.407982,28.140373,12.566737,47.786167,52.99271
78.711563,27.676613,12.432094,47.70686,52.870617
78.943741,28.003622,12.594295,47.723862,52.914574
78.395012,27.825251,12.41477,47.752209,52.943886
78.598999,28.061102,12.48091,47.803165,52.963387
78.634201,28.142353,12.448627,47.87117,53.070843
78.690437,28.003622,12.50532,47.729519,52.968288
78.451286,27.84507,12.38564,47.746529,52.99271
77.944763,27.498243,12.321073,47.797493,52.885326
77.881477,27.720207,12.456503,48.431999,53.397923
77.550842,27.742027,12.437605,48.466026,53.43206
78.535675,27.755877,12.490363,48.029755,53.065891
77.086548,27.153399,12.34627,47.899494,53.056171
77.297623,27.300064,12.34627,47.967491,52.934139
76.650391,26.796677,12.133672,48.126068,53.16357
76.502678,26.796677,12.021072,47.899494,53.134274
77.220215,26.963144,12.250208,47.253635,52.763275
77.452347,26.998821,12.246265,47.259319,52.607052
77.782997,27.032513,12.322647,47.366951,52.807194
77.972916,27.131601,12.263588,47.922146,53.183098
78.134727,27.260429,12.202176,47.98468,53.29237
77.529716,27.082054,12.216347,48.178062,53.233528
77.522675,27.078093,12.228162,48.200829,53.37569
76.256432,26.675777,12.149416,48.337307,53.47374
75.166084,26.636145,12.061232,49.150646,53.954056
75.271591,26.606405,12.162021,48.980019,53.963867
76.242371,26.824423,12.299023,48.803696,53.787399
76.087601,26.735229,12.184853,49.014137,53.748226
75.257523,26.437948,12.048633,49.116482,53.821739
75.405228,26.596506,12.067533,49.275757,54.037395
76.186127,26.864054,12.232093,49.105133,53.983448
76.615227,26.883865,12.313984,49.383831,54.277569
77.403091,27.088003,12.459649,49.144955,54.120705
77.177986,27.024582,12.473036,49.26437,54.311897
77.719673,27.151419,12.53524,49.218914,54.115837
77.522675,26.931433,12.602955,48.934494,54.012897
77.628212,26.925491,12.566737,48.962959,53.963867
78.155838,27.210878,12.716339,49.133579,54.218777
78.155838,27.230701,12.733661,49.412262,54.253075
78.402023,27.300064,12.710041,49.378147,54.380547
77.754868,27.200968,12.641537,49.611313,54.591206
78.162865,27.454638,12.696656,49.918434,54.821644
78.310593,27.478422,12.801375,49.969814,54.716812
79.196976,27.765791,12.96043,49.478733,54.485538
78.873375,27.397173,12.822634,49.484467,54.057449
79.393951,27.779671,12.92106,49.433029,54.362503
79.196976,27.765791,12.913189,49.849907,54.5938
79.126633,27.676613,12.952559,49.661461,54.706978
79.534645,27.884708,13.07539,49.735699,54.677471
79.794914,27.983805,13.195071,49.952698,54.864407
79.956726,28.053171,13.190346,50.004124,54.879158
79.351723,27.650848,13.13208,49.889877,54.879158
79.590904,27.833179,13.296642,50.455204,55.194122
79.929237,27.924339,13.385621,50.203964,54.987419
79.448929,27.74995,13.399007,50.535145,55.287605
79.795059,28.183975,13.539163,50.683563,55.307274
78.799026,27.72616,13.334439,51.2089,55.50412
78.375214,27.650848,13.393496,51.003395,55.282681
78.735474,27.686525,13.355703,51.066193,55.263
78.233917,27.547791,13.276175,51.288876,55.454887
78.608315,27.817331,13.440734,51.083298,55.415501
79.003899,27.924339,13.511606,50.586475,55.154701
78.94738,28.023436,13.582471,50.392384,54.992329
80.282478,28.459442,13.842304,50.140663,54.748844
80.416695,28.503046,14.07852,50.215176,54.714302
80.459114,28.518904,13.974586,50.215176,54.941517
81.010101,28.625925,14.136001,49.98587,54.783432
80.141197,28.429718,14.015533,49.767971,54.66489
79.477196,28.627901,13.91317,50.427349,55.198318
79.802116,28.697266,13.985607,50.478958,55.247723
79.49131,28.370262,13.765143,50.593605,55.277367
78.791954,28.172079,13.578531,50.777054,55.489777
78.156189,28.023436,13.393496,51.017899,55.716969
78.594193,28.342514,13.572229,50.840164,55.470005
78.890877,28.455484,13.716326,50.863094,55.563835
78.226875,28.399992,13.650182,50.994999,55.553978
78.071434,28.508999,13.56436,51.34473,55.73674
78.580048,28.67548,13.759633,51.37915,55.687366
77.697044,28.499094,13.661208,51.499519,55.642887
77.605225,28.469355,13.698218,51.539658,55.766342
78.791954,28.627901,13.747821,51.384865,55.707115
79.738525,28.925179,13.984037,50.880302,55.371216
79.978729,29.004459,13.91475,51.04657,55.465057
79.964607,29.004459,13.969076,51.281624,55.642887
80.183571,29.053999,14.073015,50.962727,55.410305
80.211838,29.27993,14.105298,51.037552,55.494625
81.222023,29.62676,14.3108,51.060574,55.38554
82.331024,30.040977,14.527339,51.112385,55.623531
82.84671,30.181673,14.582455,50.55394,55.38554
82.726646,29.9716,14.417885,50.375477,55.152527
82.564156,29.896297,14.510798,50.346695,55.162376
82.627708,29.838829,14.527339,50.156723,55.112827
83.256439,30.163843,14.692686,50.04734,55.117828
83.913383,30.520576,14.940712,50.58849,55.395451
84.119514,30.550306,14.954889,50.634548,55.415298
83.517334,30.292665,14.784026,50.634548,55.38554
84.013275,30.679121,15.117882,51.066383,55.692959
84.126625,30.609755,15.145439,51.221775,55.782261
83.191422,30.411573,14.928905,50.813061,55.48967
83.588203,30.50075,14.987174,51.077877,55.464878
83.715721,30.560217,15.013154,51.14119,55.534294
83.91407,30.698942,15.172997,51.14119,55.529316
83.850304,30.877321,15.424957,50.807293,55.330994
83.467712,30.976402,15.33047,50.266094,54.894684
83.524399,30.768312,15.35882,50.053074,54.964069
84.473808,31.303408,15.476139,49.975014,54.931232
84.544609,31.253864,15.4533,49.772686,54.757004
84.487984,31.440159,15.523385,50.547333,55.065609
84.459618,31.247917,15.501336,50.720722,55.219891
83.673195,31.077484,15.263547,50.784325,55.349331
84.162033,31.055683,15.183234,51.576305,55.538467
84.459618,30.926853,14.935992,51.235222,55.667881
84.544609,30.623636,14.921029,51.36245,55.692776
85.281502,31.085409,15.147804,51.472263,55.802307
85.579063,31.095316,15.287169,51.674599,55.827164
85.642807,31.28359,15.498971,52.142799,56.125816
85.593216,31.085409,15.421021,51.374001,55.64299
85.022316,30.996218,15.385592,51.304592,55.702721
85.043663,31.279629,15.586383,51.397121,55.662895
85.69857,31.499611,15.735977,51.553196,55.687782
85.905014,31.54718,15.73204,51.379765,55.747551
85.969078,31.754248,15.839077,51.212097,55.847061
85.791107,32.003761,15.827117,50.813248,55.548439
86.260925,32.217075,15.909224,50.772766,55.608147
86.389046,32.062126,15.996888,50.720722,55.523556
86.225311,32.066151,15.956242,51.061806,55.722641
86.040276,32.247253,16.087749,51.383919,55.728619
85.634514,32.015835,15.920376,51.494148,56.088425
84.58812,31.402088,15.430212,50.954441,55.773594
84.004387,31.381966,15.241323,51.227196,55.818558
84.431473,31.381966,15.230959,51.261986,55.85854
84.310478,31.24111,15.260448,51.378071,55.833637
84.709122,31.381966,15.279573,51.45932,55.738621
84.125404,31.321598,15.250883,51.761044,55.868488
84.403008,31.573135,15.438183,51.830688,55.923523
83.726776,31.301476,15.374425,52.329762,56.073387
84.168114,31.452396,15.649389,52.323956,56.138367
85.043663,31.476545,15.621496,52.497993,56.168327
84.153885,31.150543,15.406299,52.648891,56.253288
83.641342,30.943283,15.215014,52.753334,56.153362
83.128815,31.066023,15.422245,52.811378,56.278271
82.96508,31.120363,15.398327,53.037647,56.378223
83.199982,31.130428,15.537808,52.538631,56.188385
83.449142,31.506721,15.764958,52.637287,56.208298
83.591537,31.553017,15.780103,52.538631,56.088425
83.591537,31.482588,15.794447,53.066734,56.413174
84.111183,31.633503,16.002472,53.217556,56.413174
84.645065,31.830704,16.139561,53.133091,56.401695
84.901314,31.874987,16.190567,53.255447,56.351494
84.680634,31.701923,16.173826,53.226311,56.421692
85.584679,31.864927,16.426483,53.966038,56.602291
85.470787,31.663687,16.478285,54.367931,56.622349
85.570442,31.663687,16.51017,54.67667,56.82803
84.929787,31.5832,16.456762,54.8223,57.028625
85.235901,31.911201,16.536469,54.082512,56.82803
85.969078,32.132549,16.697466,54.047558,56.662495
85.905014,32.382076,16.81702,54.21656,56.757801
86.225311,32.599415,16.856869,53.942738,56.672512
86.28228,32.311653,16.805063,53.738907,56.401695
85.584679,32.378059,16.777168,53.401054,56.276245
85.69857,32.53904,16.983597,52.92342,56.180939
84.4244,32.462582,16.921429,52.690464,56.130817
85.029457,32.478672,16.999531,52.865154,56.211102
85.591789,32.52898,17.263344,52.74868,56.100708
86.438934,32.907299,17.58136,53.004974,56.201065
85.8694,32.83083,17.551865,52.434124,55.885025
86.296532,33.011948,17.601282,52.417767,55.874493
86.253792,32.764423,17.311165,52.347641,55.894581
86.289406,32.780518,17.358992,52.318455,55.889595
87.364281,33.354027,17.566216,52.885231,56.070786
87.406982,33.213165,17.68178,53.095577,56.23196
87.079536,33.303722,17.547083,52.593056,55.980175
86.11145,33.152802,17.446663,51.734146,55.44648
86.303635,33.261459,17.279287,52.049702,55.522015
85.69857,33.253418,17.182049,51.669865,55.426327
86.232475,33.146767,17.050543,51.979561,55.421307
85.520607,32.941509,16.625734,51.652325,55.194748
84.794533,32.979733,16.484661,51.967884,55.386082
84.96537,32.941509,16.785139,52.13731,55.260181
84.713081,32.875099,16.709419,51.810101,55.094009
84.398666,32.651733,16.467926,51.664028,55.028568
83.541092,32.277439,16.163471,51.225811,54.555248
83.612549,32.062126,15.958633,51.471226,54.716415
83.712608,32.056084,15.941097,51.576366,54.832218
83.834106,32.056084,16.051085,51.260845,54.751644
83.276703,31.724058,15.635839,51.564671,54.847271
84.455833,31.983644,15.992106,51.8218,54.98827
84.298599,31.969564,16.163471,52.19577,55.179665
83.919876,31.895109,16.259108,52.371693,55.230164
84.062798,31.90517,16.294973,52.359966,54.891457
84.462967,32.076206,16.290989,52.225105,55.058285
84.755997,32.166775,16.514153,52.406834,55.027954
85.213348,32.297569,16.680729,51.984596,54.749912
84.327202,32.297569,16.60182,52.166401,54.926826
84.391533,32.418297,16.442425,52.447941,55.078495
84.827446,32.498791,16.649645,52.934734,55.300919
83.826942,32.1567,16.318092,52.805702,55.432381
82.733551,31.734121,15.900449,52.72356,55.230164
81.575836,31.345737,15.565704,53.421482,55.482964
81.825966,31.231035,15.749819,53.380409,55.493057
82.47628,31.64558,16.013617,53.896526,55.725616
81.325745,31.24111,15.635839,53.76162,55.755913
82.905075,31.806564,16.086153,53.198616,55.462715
82.590637,31.693871,15.908422,53.644371,55.725616
83.133759,31.860895,16.209694,53.802677,55.862099
82.326233,31.46246,16.043911,53.720577,55.77108
82.64782,31.377945,15.898855,53.908215,56.044079
81.611588,30.955355,15.645405,54.307053,56.276646
82.719269,31.452396,15.961824,54.21323,56.074421
83.183792,31.442329,16.06782,54.201412,56.093708
83.326706,31.51075,16.052683,54.348591,56.124168
83.969879,31.88505,16.490242,53.871845,55.997288
83.941299,31.93133,16.57711,53.995438,56.078472
83.676865,31.79248,16.62175,53.595207,55.773987
84.198563,31.864927,16.636898,53.648159,55.581127
83.326706,31.422209,16.263094,54.030739,55.570965
83.784088,31.563084,16.338812,54.19558,55.621746
82.862213,31.170675,16.059855,54.407452,55.444073
82.69783,30.989567,15.894875,54.619308,55.753666
83.46965,31.114328,16.083759,54.554562,55.6674
84.027084,31.110308,16.087749,54.70763,55.697865
84.891754,31.46246,16.408148,55.072525,55.895763
85.249092,31.484596,16.467926,54.931236,55.81461
85.127594,31.351789,16.426483,54.995983,55.799366
85.599274,31.611382,16.480682,55.425697,56.032768
85.39917,31.528862,16.432859,55.578667,56.15461
85.334839,31.442329,16.314899,55.190205,56.149536
85.792213,31.46246,16.498217,55.17255,56.185055
85.935127,31.59326,16.6098,55.231392,56.180004
85.384872,31.180742,16.466331,55.914165,56.423599
86.113777,31.369892,16.660805,56.598858,56.811283
86.299622,31.637535,16.787523,56.734699,57.030373
85.86367,31.341719,16.700651,56.267998,56.729763
85.785049,31.548986,16.86882,56.563419,56.887711
85.84938,31.709978,16.785139,57.012333,57.004887
85.692184,31.59326,16.721378,56.74062,56.887711
86.099503,31.718016,16.809046,56.693378,56.780708
85.899422,31.597273,16.856869,56.055351,56.525955
86.170967,31.488619,16.923819,55.718616,56.393513
86.371071,31.452396,16.99316,55.352345,56.332382
86.535461,31.639544,17.119881,55.452785,56.225388
86.756973,31.742176,17.272909,55.730469,56.281437
87.078423,32.219086,17.480934,55.724529,56.271259
87.107101,31.917231,17.323124,55.630051,56.205006
87.157349,32.158714,17.239437,56.03767,56.393513
87.229095,32.062126,17.40202,56.716984,56.796017
86.002144,31.699905,17.095974,56.657906,56.831699
85.37072,31.693871,17.036201,56.941509,56.974342
85.492706,31.621437,17.143793,57.09507,57.05582
86.210228,31.802536,17.272909,56.705151,56.877552
85.980598,31.669729,17.172483,56.616543,56.908081
85.514236,31.627466,17.119881,57.124577,57.111877
85.765366,31.585205,17.182049,56.432266,56.849522
86.45414,31.621437,17.25856,55.898746,56.665401
85.729523,31.536909,17.174873,56.20697,56.788136
86.066734,31.361841,17.225088,56.325516,56.936485
87.049721,31.784424,17.404417,56.09433,56.823944
87.494537,32.013836,17.669821,56.09433,56.511982
87.724213,32.345856,17.880238,55.780205,56.384071
87.846199,32.086281,17.868288,55.697216,56.511982
88.190605,32.17683,17.971104,55.554909,56.563145
88.140343,32.092312,17.873064,55.703106,56.588715
87.788788,32.001751,17.818073,55.288193,56.542637
88.269508,32.074196,18.021305,55.483814,56.588715
88.570854,32.291523,18.023701,55.786095,56.65004
88.05426,32.357933,18.219765,55.027348,56.358547
88.642616,32.327751,18.176729,55.454197,56.619335
88.391495,32.237202,18.018919,55.252625,56.614323
88.499107,32.140606,18.121733,55.34153,56.6245
88.821991,32.508858,18.219765,55.252625,56.552879
89.38166,32.732235,18.446917,55.744602,56.767689
88.786133,32.575268,18.434959,55.193329,56.639839
88.721527,32.895226,18.736237,54.988106,56.505314
89.252518,33.130665,19.068586,54.809605,56.402584
89.489288,33.378185,19.020765,55.077301,56.53614
88.771782,33.106522,18.85339,54.964279,56.53614
88.169067,32.985775,18.506689,54.535919,56.438564
88.004028,33.064259,18.633413,54.434738,56.181759
88.535011,33.486843,19.008812,54.63702,56.274231
88.491943,33.71624,19.212049,54.577534,56.320438
88.843544,34.259583,19.10445,54.958324,56.495003
88.29821,34.048275,18.901211,55.517574,56.767181
88.843544,34.108654,19.032721,55.374813,56.685036
87.688316,33.740395,18.702755,55.761539,56.833946
87.681137,33.65588,18.714712,55.392666,56.685036
87.673958,33.293674,18.370407,55.803242,56.844234
87.874878,33.456657,18.298672,55.797226,56.792812
87.874878,33.824909,18.525822,55.73772,56.767181
87.709816,33.680027,18.351274,55.993591,56.813412
86.927765,33.323849,18.112167,56.04715,56.792812
87.243439,33.450626,18.315407,56.225655,56.900681
86.647934,33.341961,18.291496,56.20779,56.993137
87.315193,33.323849,18.492342,56.27916,56.998268
86.855988,33.227249,18.298672,56.636185,57.090679
87.953789,33.824909,18.678844,57.112133,57.491215
87.889221,34.229385,18.937077,56.768234,57.328812
87.731377,34.350124,19.10445,56.815998,57.344296
88.757416,34.772705,19.343559,56.415993,57.2257
88.908104,34.676121,19.367466,55.88459,57.019463
88.613945,34.410492,19.33638,55.944279,57.03495
89.403198,34.863255,19.620918,56.12344,57.060707
89.223808,34.591595,19.592226,55.735294,56.916348
88.728752,34.356167,19.372248,56.027893,57.014259
88.40583,34.380302,19.302906,55.812931,56.87508
88.362793,34.404457,19.415291,55.353222,56.673981
88.991127,34.790829,19.71417,54.989052,56.519337
88.695679,34.561413,19.685474,55.108448,56.673981
87.946274,34.434639,19.738081,55.251682,56.586357
87.124825,34.470863,19.924582,55.765205,56.838985
87.434685,34.434639,19.72612,55.711437,56.808067
87.506752,34.289753,19.709387,55.293484,56.64307
87.607635,34.664051,19.883932,55.042747,56.462612
87.586006,34.531227,19.752424,55.120338,56.514183
87.672493,34.887409,19.977182,55.490524,56.632729
88.385841,35.303951,20.328663,55.239765,56.61211
88.659676,35.074558,20.295187,55.048744,56.421368
88.342598,34.953804,20.424309,54.618366,56.248459
87.348206,34.724411,20.233027,54.798157,56.320908
86.202492,34.422558,19.618526,55.037918,56.398586
85.892639,34.259583,18.932299,54.828163,56.27441
86.188126,34.380302,19.40094,55.049923,56.367493
85.460304,34.211273,19.33638,55.013935,56.331287
85.337799,34.253532,19.420078,54.900078,56.238155
84.667686,34.024128,18.824697,54.366592,55.999966
84.617241,33.951683,18.707544,54.168804,55.906803
85.510757,34.271641,18.635805,54.084881,55.792896
85.82782,33.927544,18.841434,54.072849,55.870556
84.898262,33.535145,18.363226,54.132843,55.943073
86.310593,33.806805,18.721886,54.156799,55.999966
84.790146,33.034069,17.968704,54.30064,55.860249
85.121651,33.178947,18.446917,54.804176,56.155327
86.440292,33.698135,18.944254,54.378609,55.943073
86.267342,33.73436,18.571243,53.911015,55.668678
86.015152,33.673992,18.638195,53.515434,55.503017
85.100014,33.607578,18.195858,53.707226,55.544441
86.325005,33.897362,18.674061,53.713245,55.544441
86.56279,33.957718,19.008812,53.815102,55.528931
86.822166,34.247498,19.343559,53.753124,55.509163
87.730125,34.718372,19.642437,53.500259,55.400032
88.104843,34.70026,19.663956,53.139019,55.207787
87.989532,34.380302,19.623304,53.054714,55.249352
88.076012,34.579529,19.637655,53.235313,55.306484
88.076012,34.495007,19.453543,53.753124,55.639099
88.191277,34.470863,19.745249,53.199242,55.342918
88.875839,34.428596,19.776333,53.849453,55.633869
89.178482,34.609715,19.819374,53.879539,55.680672
89.128014,34.404457,19.766771,53.476143,55.400032
88.803772,34.217316,19.654394,53.825352,55.54557
88.983917,34.156948,19.82177,54.39135,55.779362
89.812614,34.742527,20.113472,54.523766,55.872952
90.165634,34.984009,20.168472,54.270901,55.76384
90.619621,35.032299,20.180418,54.433475,55.945652
91.008751,35.146992,20.170853,54.505672,56.049637
91.534767,35.316032,20.383661,54.294971,55.997639
91.606789,34.977955,20.369307,54.493675,56.070396
90.958321,35.068516,20.2402,54.764606,56.257462
90.857437,35.014187,20.060869,54.24683,55.997639
90.367416,34.742527,20.108688,54.186607,55.893734
91.28978,35.394516,20.634722,54.101978,55.780525
91.405037,35.527317,20.610813,54.120056,55.796173
91.210503,35.68428,20.778183,53.878231,55.650143
91.383461,35.79295,20.969461,54.428509,55.764893
90.850227,35.557514,20.771011,54.222893,55.697098
90.792572,35.551468,20.615593,54.573635,55.811855
91.030357,35.90765,20.826004,54.144257,55.712719
91.116837,36.36042,20.94556,54.041512,55.592777
91.736534,36.535488,21.220526,54.241024,55.639709
92.096786,36.517384,21.079454,54.797363,55.926575
91.830193,36.17931,20.993378,54.664322,55.87962
91.534653,36.463043,20.921644,54.845734,56.114315
91.063782,36.396641,20.873825,54.90015,56.020447
91.150673,36.402672,21.053154,54.833649,56.067383
91.295586,36.577747,21.395069,54.7369,56.088234
91.77372,36.78904,21.399855,55.17226,56.093498
91.824402,36.770596,21.527508,55.51088,56.312504
90.889938,36.4324,21.288157,55.964397,56.5681
91.092735,36.696815,21.346184,55.808353,56.594799
90.687088,36.709114,21.348597,55.929783,56.442986
90.194527,36.543095,21.336508,55.802292,56.374924
91.78093,37.766724,22.134357,55.729431,56.683765
92.215569,38.080318,22.335032,55.862995,56.683765
92.273529,37.889694,22.448669,55.796219,56.730923
93.041389,38.400063,22.917709,55.692986,56.641891
93.280449,38.418507,23.142557,55.729431,56.652348
93.374619,38.074165,22.864521,55.280083,56.500557
93.671585,38.400063,23.132887,55.189026,56.406384
93.302155,38.086464,22.811327,55.559399,56.584309
93.215218,38.234035,22.835506,55.881199,56.751858
92.961708,37.754436,22.436577,56.130196,56.751858
92.59227,37.244057,22.42449,56.111973,56.736149
92.947212,37.668343,23.149813,55.947994,56.725613
91.252129,37.096489,22.460756,56.093742,56.772747
91.57811,37.613003,23.113541,56.075504,56.903618
91.672279,37.803612,23.476204,55.802292,56.778004
91.751945,37.932743,23.488295,55.195103,56.463936
92.259041,38.381611,24.044373,54.958294,56.380131
93.113823,38.58453,24.319992,54.958294,56.463936
93.041389,38.615276,24.206364,54.903587,56.254551
92.360481,38.652168,24.365931,55.05542,56.128883
93.00518,38.769005,24.353846,54.867126,56.144127
91.925835,38.332424,23.727646,54.970726,56.096859
91.469414,38.234035,23.403671,55.360699,56.186161
91.708496,38.178711,23.959749,55.470406,56.280746
90.897194,37.895847,23.331141,55.208389,56.138847
91.722977,38.031132,23.403671,55.080418,56.138847
91.570885,38.104912,23.464113,55.330261,56.228222
91.737495,38.018826,23.427855,55.025555,56.123085
91.570885,37.754436,22.850012,55.031658,56.207203
92.54155,38.17255,23.427855,54.836662,56.149391
92.867546,37.828201,23.306963,54.970726,56.186161
93.562973,38.190987,23.911392,54.982918,56.264999
93.309395,38.080318,23.879965,55.421642,56.448868
93.077637,38.086464,23.669619,55.330261,56.422623
93.642616,38.375469,23.797768,55.708057,56.63282
93.504974,38.473854,23.79051,55.567898,56.506725
93.744049,38.602978,23.836437,55.482582,56.48045
93.780273,38.738243,24.054043,55.391212,56.454151
92.889275,38.381611,23.427855,55.665409,56.511948
93.715057,38.775146,24.0758,55.329075,56.294037
93.707825,38.701355,24.095142,54.943813,56.035511
93.273186,38.541496,23.693804,54.625813,55.929993
92.845802,38.393913,23.331141,54.148872,55.639793
92.700943,37.926598,22.509115,54.185555,55.613422
92.896507,38.055717,22.642086,54.167213,55.639793
92.273529,38.012684,22.412403,54.185555,55.629234
93.150063,38.590668,22.88386,53.983723,55.771656
93.323898,38.910423,22.859684,53.940941,55.697807
94.301826,39.322399,23.572918,54.301723,56.056622
94.721985,39.463829,23.846115,54.008194,55.97221
94.917572,39.592953,23.63336,54.49741,56.278198
94.996841,39.783562,23.800186,54.332314,56.225445
94.844124,39.86351,23.935575,54.417919,56.288761
94.247765,39.451534,23.452024,54.136623,56.077744
94.822289,39.820473,23.710726,54.252853,56.067142
94.625946,39.340851,23.490713,54.081623,56.035511
94.698662,39.654442,23.693804,54.479092,56.172729
94.560509,39.5868,23.838869,54.277267,56.172729
93.978676,39.20557,23.403671,53.769703,55.908882
94.567734,39.722076,23.850954,53.512901,55.856113
94.400475,40.201698,23.971846,53.139889,55.687263
94.422287,39.91885,23.935575,53.121521,55.560604
94.349579,40.355431,24.612537,53.138718,55.607277
94.953178,40.675167,24.757597,53.083462,55.660255
95.280457,40.81044,25.011463,53.157108,55.845695
95.178642,40.84734,24.883322,52.751995,55.644363
94.211372,40.38002,24.503738,52.236408,55.427132
94.356842,40.453804,24.419125,52.334625,55.305237
93.556808,40.18325,24.211193,52.518761,55.464195
93.731377,39.986492,24.351425,52.199574,55.289341
93.607742,40.091015,24.467474,51.831284,55.183376
93.571373,40.275478,24.757597,52.021549,55.172779
95.055008,41.099442,25.579634,52.113621,55.395321
95.236832,41.382298,25.736786,51.794453,55.358231
95.367767,41.197826,25.644905,51.751511,55.331738
95.382286,41.474525,25.845591,52.052238,55.437702
95.207764,41.517578,25.507107,52.260937,55.548927
94.81501,41.49297,25.15653,51.641014,55.284023
94.836823,41.751225,25.652168,51.555077,55.220478
95.295013,41.825005,25.2484,51.622578,55.321117
95.615051,41.831165,25.495016,51.659389,55.448296
94.836823,41.812714,25.487759,51.271194,55.167316
95.549591,42.452206,25.93746,51.406731,55.252457
95.193192,42.200092,25.966473,51.295811,55.252457
95.535011,42.525993,26.220339,51.209557,55.231194
96.378685,43.17778,26.643438,51.517677,55.295025
96.262268,43.140888,26.836853,51.548481,55.364246
96.451416,43.399139,26.86104,51.517677,55.385521
96.400482,43.263866,26.57091,51.610073,55.422745
95.236832,42.82729,25.89394,51.357418,55.326942
93.993195,42.273888,25.216965,50.932247,55.188614
94.182304,41.911102,24.612537,51.13562,55.236477
94.044106,41.849621,24.735846,51.517677,55.438713
92.25499,40.515285,23.887218,51.197224,55.263107
91.78952,40.392307,23.427855,51.893578,55.614349
92.436829,40.59523,23.933155,52.029163,55.587765
91.731369,39.703632,22.806496,52.140057,55.619678
91.033173,39.715923,22.557467,52.109257,55.582432
91.760475,39.691334,22.400311,52.133934,55.640968
92.894997,40.226288,23.352903,51.93055,55.566467
93.367744,40.552181,23.282782,51.893578,55.571758
91.709541,39.93729,22.279427,51.868923,55.449379
92.735016,40.232441,22.654177,51.560799,55.342937
93.622276,40.490707,23.118376,51.790985,55.43964
93.818657,40.884228,23.355314,52.459141,55.787029
92.451378,39.998791,22.364048,52.39106,55.616047
92.225899,39.513023,22.199638,52.638573,55.738949
91.535004,38.971912,21.711256,52.650959,55.589287
91.455017,38.111065,21.324417,52.756092,55.770973
91.164116,38.068024,21.046377,53.034515,55.829762
90.175011,37.742126,20.263037,53.077831,55.680153
89.127731,36.561527,19.813337,53.114948,55.738949
89.818611,37.090332,20.381506,52.582878,55.498413
91.724098,38.369316,21.568605,52.279716,55.386215
91.055687,38.061871,21.445309,52.162155,55.311401
90.339806,37.871246,20.647449,52.087902,55.241924
90.646606,38.09877,20.901321,52.001289,55.199173
91.318672,38.590668,21.578281,52.013725,55.129662
90.916908,38.387756,21.19145,51.716732,55.001438
90.902283,38.277084,21.155176,51.611523,54.910622
91.304077,38.578381,21.155176,51.512531,54.910622
90.515129,37.865105,20.756254,51.766209,54.825073
91.128731,38.295528,21.40662,51.493999,54.702183
92.969604,39.709785,22.67835,51.667236,54.990757
92.976883,40.207855,22.702532,52.168327,55.295353
93.356766,40.416912,23.205421,52.116798,55.227222
92.823456,39.648296,22.484934,51.700649,54.878319
93.093773,40.066414,22.944309,52.017429,55.152042
92.487442,39.881958,22.509115,52.352818,55.361378
92.662781,40.213993,22.690443,52.402527,55.431183
93.071854,40.324677,22.799236,52.570221,55.51704
92.078384,39.568356,22.291512,52.582634,55.608265
90.580872,38.873524,21.409039,52.787594,55.602932
90.230232,38.541496,21.517838,52.818661,55.651241
90.098732,38.000381,21.179361,52.899361,55.710297
90.558983,37.938892,21.474321,52.445972,55.420444
91.815384,38.873524,22.799236,52.942848,55.672691
91.187195,38.664467,22.144035,53.098171,55.914268
90.544373,38.664467,21.713673,52.99876,55.871326
92.195244,39.365448,22.690443,52.967747,55.887447
92.523987,39.353146,22.750879,52.812458,55.844463
92.64817,39.629845,22.654177,53.005009,55.962589
92.560509,39.875813,22.966066,52.924255,55.876678
93.48822,40.675167,23.459278,53.228584,56.091431
93.393272,40.533737,23.23443,53.296894,56.102085
92.933067,40.250893,22.859684,53.291954,56.180836
93.561256,40.693611,23.161898,53.49147,56.277859
93.809647,40.625977,23.137724,53.503937,56.28326
93.648964,40.656719,23.186075,53.828178,56.504303
93.429802,40.404621,23.041014,53.859398,56.455769
93.071854,40.263191,23.041014,53.740891,56.488098
92.757759,40.459961,23.128048,53.566284,56.461166
93.042625,40.552181,23.364988,53.48521,56.455769
92.779663,40.201698,23.082117,53.254532,56.34256
92.852684,40.336971,23.173988,53.160973,56.272469
93.963043,41.210136,23.742159,53.609932,56.563591
94.744667,41.585201,23.97426,53.971626,56.800808
94.985725,41.431477,24.00811,53.952934,56.773827
95.46785,41.603661,23.78083,54.108849,56.887062
95.058762,41.474525,23.657536,54.302139,56.967892
95.051476,41.3577,23.650282,54.320843,57.005665
94.788506,41.210136,23.222343,54.345787,56.984104
94.70816,41.093288,23.159481,54.445557,56.984104
94.825043,41.062542,23.22476,54.526653,57.065014
95.277931,41.234718,23.488295,54.576485,57.081161
95.387497,41.566765,23.568075,54.651356,57.118912
95.445938,41.566765,23.669619,54.794754,57.156601
95.431335,41.566765,23.601929,54.925694,57.350731
96.001114,41.874203,23.865459,54.944489,57.282467
96.183739,42.095566,23.99601,54.600151,57.109173
95.336372,41.388439,23.306963,54.524986,57.109173
94.898064,40.890369,23.041014,54.631447,57.168777
95.168358,40.902672,23.229601,54.675293,57.228313
95.263359,40.656719,22.729126,54.625149,57.206642
96.198341,41.124023,23.118376,54.900696,57.293308
96.585495,41.044109,23.464113,54.925694,57.44492
96.592804,41.099442,23.2707,54.800484,57.298725
96.819542,41.013355,23.408508,54.75666,57.260822
96.951599,41.185528,23.672043,54.669003,57.271648
96.70948,40.804291,23.306963,55.282574,57.49369
97.22303,41.203979,23.785671,55.363991,57.585724
96.753494,41.302361,23.205421,55.871136,57.932289
96.460022,41.099442,22.910452,56.146564,57.964802
97.20108,41.271626,23.176407,56.540993,58.051441
98.008156,41.369987,23.449604,56.303123,57.888973
98.125526,41.634396,23.396418,56.140282,57.8619
98.08886,41.751225,23.585005,56.046383,57.878174
98.008156,41.658985,23.396418,55.977547,57.851089
97.641289,41.775833,23.35774,56.130898,57.946308
97.846733,41.812714,23.041014,56.055481,57.984333
98.991295,42.212399,23.657536,56.464046,58.261761
99.182037,42.261589,23.971846,56.06802,58.071404
99.05735,41.886505,23.911392,55.483482,57.744999
99.116028,41.917248,23.821941,55.634331,57.788532
99.248116,41.966438,24.037123,55.194355,57.532875
99.130692,41.935696,23.908979,55.030907,57.402321
99.989174,42.384567,24.49165,55.062332,57.538284
100.245941,42.458351,24.636721,54.785736,57.32613
100.399986,42.618225,24.704418,55.030907,57.467594
100.084503,42.353821,24.38044,55.074905,57.576405
100.21656,42.458351,24.619795,55.188076,57.696022
100.378014,42.778107,24.728596,55.087494,57.511116
100.399986,42.913383,24.612537,55.030907,57.532875
100.862251,42.950279,24.59078,54.810909,57.402321
101.163025,42.956432,24.731009,54.810909,57.500259
101.507912,43.257713,25.018719,55.244606,57.744999
101.823387,43.589756,25.079159,55.602859,57.929947
101.185112,43.28846,24.660891,55.860645,58.114868
101.111671,43.196232,24.576271,56.017769,58.169292
101.097008,43.220825,25.047731,56.451439,58.430347
100.414665,43.14703,24.796291,56.763809,58.623226
100.355988,43.306904,24.87365,56.530327,58.552189
100.179878,43.140888,24.951021,55.861485,58.14246
101.309792,43.780373,25.543371,56.025547,58.208035
101.698685,43.829556,25.434572,56.284233,58.415615
101.918747,43.841858,25.499844,56.486176,58.48666
101.383171,43.620506,25.586887,56.454613,58.546738
101.427177,43.792679,25.623152,56.700699,58.705147
101.676659,43.515965,25.710192,56.688103,58.666939
102.439713,43.99559,26.11153,56.908932,58.759789
102.73317,43.983295,26.159899,56.694389,58.606861
102.997337,43.891048,25.896366,56.435711,58.524876
103.026649,43.761929,25.867342,56.757504,58.716095
103.085365,43.429878,25.765808,56.845833,58.759789
103.188103,43.645103,26.176807,56.98468,58.841724
103.393509,44.069366,26.360561,57.079277,58.907322
102.975327,43.835709,26.355728,57.180237,59.000149
101.559273,43.472927,25.857676,57.388485,59.005627
101.999481,43.860302,26.007572,57.508366,59.114853
103.063324,44.358383,26.428268,57.375885,59.060234
103.107376,44.548996,26.546724,57.754471,59.284225
102.879959,44.493656,26.437931,57.901421,59.353909
103.665001,44.78265,26.989168,58.002724,59.491039
104.112549,45.03476,27.460638,57.730381,59.463642
104.024445,44.936367,27.272053,57.616371,59.315483
103.569588,45.090092,27.175337,57.572056,59.342903
103.760384,44.979408,27.054453,57.15406,59.123535
104.061188,45.163883,27.066538,57.401012,59.255177
103.980453,45.348351,26.74015,57.521351,59.381363
104.090523,45.520527,26.885214,57.008389,59.085079
105.007652,45.704994,27.344584,56.799347,59.030243
105.01725,45.520527,27.465471,56.831013,59.019337
104.72953,45.4529,27.274462,56.850025,59.024731
104.928749,45.655792,27.102812,56.774044,59.013783
104.869652,45.575863,27.402712,56.76767,59.057693
104.486023,45.552635,27.353666,57.052711,59.211308
103.844185,45.445881,27.451746,56.615639,59.024731
104.456505,45.427048,27.706772,56.78669,59.090603
105.142685,45.992142,28.101551,56.369141,58.901691
104.921349,46.023533,28.047611,56.242077,58.780518
104.486023,45.973312,27.996128,56.197575,58.752934
104.301567,46.155399,28.233978,56.597927,58.626331
104.522949,46.023533,27.844076,56.941154,59.066883
103.689232,45.33287,27.029976,56.693256,59.028358
104.168777,45.395653,27.226149,56.79491,59.01181
104.080254,45.43961,26.618013,56.79491,59.022873
104.427017,45.094276,26.556717,56.540741,58.945763
104.884453,45.383114,26.892656,56.210293,58.763981
105.681244,45.897957,27.439489,55.94978,58.703423
105.474686,45.841465,27.537573,56.070511,58.769501
105.518974,45.866573,27.422323,55.89888,58.686916
105.16478,45.70961,27.132965,56.070511,58.857613
105.371399,46.26841,27.620939,55.917923,58.8246
105.046768,46.036091,27.589067,56.051434,58.86314
105.356598,46.444214,28.216812,55.682812,58.703423
106.205124,46.745602,28.462025,55.676472,58.730995
104.958244,45.985878,27.586618,55.276119,58.543713
104.862312,46.073761,27.755817,55.231586,58.505192
104.803291,46.124001,27.387985,55.110859,58.477615
105.349236,46.437931,27.81221,55.174435,58.560242
106.057526,46.613739,28.027996,55.638351,58.808056
106.692039,47.003029,28.371305,55.571342,58.784233
106.839645,46.908859,28.285477,55.641548,58.839565
106.869118,46.758156,28.31245,55.718102,58.917042
106.898621,47.122318,28.591995,56.024387,59.071888
107.134712,47.254177,28.481651,56.190285,59.154888
106.994522,47.065823,28.329617,56.234936,59.221226
106.197731,46.864902,27.991219,55.915909,58.972317
105.836205,46.682808,27.799952,55.788326,58.983429
106.728889,47.279301,28.241339,55.667076,58.944672
107.42981,47.919735,28.84947,56.196682,59.282104
107.570015,47.976238,28.866636,56.362606,59.392696
107.518379,47.957413,28.932842,56.560371,59.453556
107.74704,48.026478,29.008854,56.687973,59.547558
107.702866,47.781601,29.094677,56.592255,59.508892
107.621651,47.995079,29.021128,56.285973,59.425877
107.201126,48.145756,28.812681,56.687973,59.619469
107.105202,48.170876,28.800432,57.064487,59.8629
102.921921,46.230732,26.458628,57.78553,60.095173
103.976952,46.557243,27.120712,57.52393,59.98455
103.667084,46.080051,26.730816,57.487377,59.99622
102.309563,45.458447,26.483145,57.775642,60.162807
101.335686,44.516628,25.803909,57.871689,60.073971
103.069489,45.897957,26.936802,57.698734,59.846218
102.966187,45.91053,26.772501,57.922935,59.901772
103.836792,46.450497,27.464006,57.871689,59.979519
103.866302,46.525833,27.513044,57.263214,59.823975
104.021255,46.827217,27.647919,57.487377,59.951794
101.999718,45.70961,26.84362,57.833271,59.985043
102.75959,45.728436,27.064312,57.570656,59.92952
102.89978,45.935642,27.285007,57.564232,59.940628
102.611679,45.992142,27.05205,57.551491,59.707355
103.848679,46.701649,27.645468,57.429752,59.596268
104.418968,47.097225,27.826927,57.461731,59.757397
106.137474,48.101818,28.66066,57.487377,59.935066
106.055977,47.919735,28.538042,57.032635,59.768463
106.211517,48.032761,28.670462,56.872486,59.612968
106.070847,48.051575,28.653297,56.942963,59.724037
105.818947,47.838123,28.525782,56.846874,59.712921
105.048622,47.417427,28.015741,56.731552,59.674034
105.159729,47.831844,28.572374,56.65469,59.601868
105.181946,47.907173,28.567469,56.545792,59.579594
105.300446,48.032761,28.763643,56.63966,59.614246
106.433777,48.434597,29.234457,56.56897,59.580772
106.552284,48.635525,29.418375,56.626801,59.630955
106.841141,48.811314,29.445339,56.414658,59.508213
106.989311,48.773651,29.614536,56.041779,59.312946
107.115204,49.137817,29.754313,56.208912,59.43568
106.678192,48.899223,29.479677,56.170353,59.32407
107.152237,49.225723,29.972551,56.183208,59.413353
107.641121,49.388985,30.119686,56.009609,59.312946
108.663322,49.910114,30.477682,56.318199,59.363106
108.952187,49.916393,30.3134,56.633221,59.686764
109.085541,49.897552,30.087811,56.916088,59.703453
109.055916,49.709179,29.845045,56.819664,59.74255
110.08548,50.280575,30.200603,56.671787,59.725822
109.670715,49.790813,30.080448,56.877571,59.898804
109.715149,49.759422,30.075541,57.089699,60.049423
110.722481,50.22406,30.448267,56.890434,59.965752
110.848434,49.991749,30.367342,56.478947,59.837444
110.759544,49.884987,30.215317,56.46608,59.82061
109.841072,49.702927,29.631704,57.057526,60.110817
110.122513,49.652672,29.749403,57.098881,60.077202
110.766975,50.0294,30.340374,57.066586,60.060387
111.366982,50.098476,30.595392,56.937569,59.976307
111.789162,50.569389,30.585585,57.169842,60.122028
111.811356,50.644714,30.784225,57.324715,60.194904
111.663261,50.230331,30.38451,57.195614,60.161232
111.966934,50.506596,30.87495,56.969799,60.065994
110.796623,49.508282,30.119686,57.105343,60.093987
111.744728,50.343346,30.884752,56.905239,60.032364
111.500252,50.154984,30.578222,56.756847,59.97068
111.529839,50.242878,30.615019,56.737503,59.836189
112.292862,50.318237,31.058857,56.698814,59.976307
112.070633,50.060802,30.946043,56.466496,59.796917
113.048363,50.443813,31.10544,56.092266,59.628796
112.989098,50.211498,31.161844,56.260063,59.707336
112.900238,50.255447,31.166742,55.969677,59.516708
112.915062,50.512875,31.117695,55.80835,59.460651
111.892853,50.0294,30.369793,55.859974,59.533531
112.359512,50.349636,30.835714,55.730888,59.494282
112.766876,50.412407,30.730263,55.724464,59.37661
113.685364,50.625896,31.044144,55.840584,59.421448
113.566879,50.877033,31.132416,55.737373,59.371002
114.129829,51.209812,31.909742,55.44455,59.143475
114.144615,51.347954,31.767523,55.697205,59.239269
113.69278,51.084244,31.657166,55.347366,59.047798
112.470612,50.349636,30.860228,55.321461,59.098465
110.441017,49.489433,30.38451,54.330349,58.46777
111.878059,50.0294,30.921524,54.284996,58.495953
112.070633,50.198944,31.186369,54.12957,58.315746
110.848434,49.307346,30.644442,53.34573,58.000359
112.507614,49.947796,31.257471,53.980564,58.253796
113.226105,50.318237,31.747902,53.844528,58.236874
113.870392,50.726341,32.471283,54.213764,58.46777
113.736473,51.0089,32.50071,54.103645,58.462105
114.019157,51.059132,32.537491,54.608902,58.839432
112.434608,50.456356,32.260414,54.168427,58.55785
113.059486,50.914719,32.662556,53.909328,58.40583
111.995697,50.211498,32.23098,54.259098,58.563515
111.460098,50.198944,31.985754,54.557106,58.631058
110.314476,49.947796,31.706224,54.570042,58.61982
111.884102,50.305672,32.157413,54.621899,58.61982
111.869278,50.343346,32.164764,54.608902,58.55785
111.906441,50.713795,32.277565,55.17244,58.890106
112.918129,51.44841,32.932285,55.462532,58.744164
113.327347,51.693279,33.194668,55.124363,58.755463
113.208305,51.435867,33.341797,54.506584,58.376488
113.803429,51.806328,33.913155,54.285511,58.263321
113.892708,51.931896,34.241737,54.480579,58.382099
112.270973,51.297726,33.567379,55.403969,58.783737
113.066994,51.781193,33.844482,54.831787,58.517918
114.852386,52.503262,34.587486,54.64315,58.285988
115.194534,52.465576,35.016605,54.792732,58.540489
115.179596,52.346298,34.673306,55.319447,58.693245
115.120171,52.170467,34.646343,55.2024,58.56876
114.911835,51.9884,34.222111,55.410511,58.738533
115.358208,52.283501,34.562954,55.397469,58.614079
114.190239,51.743519,34.325123,55.898205,58.778095
114.539894,52.057457,35.318233,55.807205,58.71022
112.553665,51.27261,34.109322,56.01524,58.636692
112.784241,51.13448,34.305489,56.125816,58.681934
110.113655,49.432934,32.557114,56.594013,58.557491
107.948845,48.748531,32.135334,56.756596,58.342537
109.637558,49.615002,33.187321,56.594013,58.433041
108.402626,49.552216,32.508064,57.003632,58.404739
108.930801,49.633846,32.380554,56.880333,58.593464
109.801239,49.784523,32.738575,57.023914,58.513893
106.974358,48.886665,31.326132,57.402569,58.803764
108.767105,49.420368,31.88522,56.984734,58.599152
109.927643,49.58989,32.123081,56.939053,58.758301
111.460098,50.39357,33.202015,56.247051,58.820778
108.157158,48.955734,31.828814,56.325371,58.769661
107.651283,48.114376,31.277102,56.194855,58.508213
108.038094,48.208565,31.586046,56.358059,58.712826
106.386604,47.743923,30.769505,56.508194,59.082291
104.921135,46.626312,29.560587,56.305817,58.92313
105.709679,46.425388,29.057901,56.886826,58.349049
107.651283,46.852345,29.977463,56.658321,58.451355
107.599228,47.003029,30.038761,56.69099,58.871937
107.814926,46.971642,29.928408,56.965145,58.991329
109.094437,48.082981,31.215797,56.87376,59.110695
108.997772,48.296467,31.375175,57.069584,59.139137
110.344223,49.137817,32.123081,57.350327,59.269787
109.317627,48.616688,32.270222,57.650616,59.110695
106.914825,47.637192,30.958315,57.748539,59.61655
109.012611,48.729687,32.184387,57.591873,59.343697
108.722519,48.390648,32.020103,57.976997,59.519924
109.793739,49.238277,32.846458,58.022747,59.798382
110.902161,49.690353,33.400646,58.050266,59.665932
109.942558,48.968292,32.895504,58.515629,59.900066
110.195465,49.150387,33.152981,58.364883,59.763012
108.663025,48.553898,32.405067,59.190796,60.088478
108.454674,48.352974,32.4296,59.649643,60.265511
109.719337,49.188057,33.084324,59.603798,59.91716
110.002037,49.238277,33.202015,59.380886,59.671638
110.775757,49.445496,33.569851,58.849945,59.586002
110.768288,49.156662,33.636055,58.935173,59.751579
110.173119,48.466003,33.422718,59.217064,59.728756
113.416611,50.041958,35.041126,58.771309,59.871494
114.08609,50.494049,35.20052,58.227238,59.540249
113.282692,50.450092,35.090176,57.126007,59.431824
113.588387,50.669834,35.556076,57.611076,59.71162
113.379112,50.782864,35.997475,57.774982,60.008564
113.154892,50.845669,35.862614,57.571751,59.97427
113.752808,51.096809,36.340767,57.624222,60.122723
114.425529,51.774906,36.88023,58.024059,60.27692
114.044334,51.856541,36.647289,58.155148,60.236965
115.329941,52.522099,37.799793,58.487476,59.848568
115.172951,52.390232,38.057259,58.67173,59.791233
114.941231,52.151634,36.90477,58.500656,60.060825
115.120628,52.333721,37.272583,58.724358,60.536968
116.488464,52.867413,38.515827,58.092632,60.290279
115.86808,52.377666,38.106304,58.046547,60.502575
116.95932,52.96162,38.699738,57.974178,60.238712
116.76506,52.861141,38.751225,58.007053,60.450905
116.204422,53.106014,38.410378,57.947842,60.577126
116.847214,53.338337,39.111694,57.664917,60.244434
115.860611,52.905098,38.63353,57.678036,60.433685
114.941231,52.088856,37.917492,57.697803,60.536968
115.292549,52.641384,38.792908,58.329533,60.823792
114.873955,52.766972,38.989079,58.651939,60.829548
111.86927,51.605396,37.321629,59.527168,61.225349
112.519608,51.542599,37.591362,59.533695,61.225349
113.431435,52.270931,38.63353,59.454788,60.863934
113.222137,52.157917,38.380947,59.895676,61.236813
113.491211,52.396511,38.868935,59.691673,61.093384
114.821701,53.344624,39.969948,59.553501,60.995888
115.202881,53.733902,40.889484,59.783783,61.139324
114.403122,53.306953,40.117077,59.750923,61.133549
115.591545,54.060383,40.997379,59.211288,60.818073
112.885773,52.92392,39.34219,59.980656,61.282513
113.012863,53.21904,39.565327,60.172314,60.902172
112.153313,52.371391,38.18969,60.145885,61.05201
113.663139,53.162521,39.638897,59.855076,60.677444
110.553772,52.239532,38.376049,59.960831,60.63715
109.993202,52.333721,38.57222,59.855076,60.735092
108.483337,51.316559,37.664928,60.364002,61.005917
107.407059,50.475212,35.580605,60.582085,60.982845
110.680824,51.831425,38.094051,60.357342,60.677444
110.37439,51.749794,38.130825,60.423477,60.418159
108.782433,50.895893,37.252964,60.991901,60.648651
108.969193,51.059132,37.713959,61.077824,60.654404
107.451897,49.709179,35.975395,61.474342,61.12117
108.10968,50.820553,36.963608,61.408325,60.735092
105.897255,49.671516,35.10244,61.765198,61.161461
107.728424,50.920998,36.139698,61.950302,60.856071
105.351616,50.123592,34.705185,63.173016,61.864464
106.562454,50.801689,36.034241,62.571552,61.334328
109.970779,52.245831,38.008213,62.148548,60.907913
110.008163,51.818859,37.54232,62.683945,61.138481
111.114342,52.101414,37.861103,62.379879,61.43811
110.381851,51.906765,37.532509,62.874889,61.459507
109.395248,51.58028,37.434425,62.868252,61.488461
111.226486,52.17675,39.096981,62.118408,61.256947
112.818451,52.672779,39.712471,61.574284,60.805553
112.796104,52.465576,39.24165,60.884109,60.284718
113.670647,53.005547,39.253922,60.519161,60.325184
110.553772,51.624226,37.591362,61.70702,60.909729
111.64505,52.660225,38.719349,61.069958,60.718712
111.413353,51.586567,37.655109,60.406395,60.37149
110.000656,50.192654,36.757618,60.127636,59.688618
108.431068,49.125275,35.19072,60.665173,60.267349
109.03643,49.740593,36.156864,61.056664,60.452545
109.03643,49.332462,36.392265,61.866257,60.92709
109.724136,49.684074,36.590885,61.733559,60.631924
111.30584,50.39357,37.694347,60.83107,60.568283
112.132362,50.59964,38.33189,60.545753,60.261566
112.372856,50.741299,38.530579,60.014866,60.278923
110.96019,50.432205,37.641449,60.669098,60.636395
110.682198,50.863647,37.783012,61.615231,60.828236
109.863091,50.548122,37.328518,61.988274,60.944519
108.901314,50.367836,36.712593,62.881065,61.665325
108.848763,50.451542,37.042904,62.794483,61.461895
106.181259,49.305351,35.930244,62.807777,61.967632
106.091095,49.356853,36.193527,63.080986,61.892063
104.377876,49.079971,35.912865,63.007645,61.77578
105.474915,49.434124,37.09008,63.127567,61.647903
106.166214,49.382626,37.52721,62.274757,61.467709
105.309616,48.397411,36.471672,62.761143,61.915279
106.158669,49.170113,37.008125,62.994289,61.659542
103.821831,47.573185,35.334183,63.700584,61.990852
102.927628,46.61375,33.863892,63.240871,61.897839
100.260155,45.911858,32.877903,64.060379,62.188511
99.230743,46.175869,33.627941,63.620613,62.083851
98.223846,44.888023,32.783527,64.300179,62.217579
100.583244,44.624012,32.992138,64.153664,62.298977
101.432365,46.188755,33.632923,62.867725,61.769997
99.96711,45.519054,33.121296,63.927101,62.438503
101.620247,46.027763,33.940876,63.687267,62.42104
102.123657,46.304653,33.774487,63.254166,62.316418
101.372231,46.092163,33.329922,62.841106,62.304832
103.220711,46.581551,33.998005,63.287498,62.508266
104.881302,47.360699,34.676029,63.667923,62.773369
103.558846,46.877758,34.782825,63.012741,62.603981
100.786125,44.727036,32.910183,63.494125,62.820072
99.974632,44.688396,32.371235,63.300213,62.481361
100.635864,44.463024,32.920128,61.936321,61.763042
99.989639,44.005833,32.858028,62.645004,61.996689
100.50061,44.237652,33.265354,62.905762,62.183498
101.432365,45.190674,33.8018,62.531353,62.095963
102.469276,45.499756,34.561798,61.869442,61.471046
101.56765,45.293686,34.117214,60.96019,61.336769
101.545074,45.461105,34.360615,61.428173,61.535309
101.830605,45.905418,34.81015,60.806435,60.927906
102.131149,45.667179,35.100723,61.227646,61.062252
101.282074,45.58345,34.608963,61.876122,61.482765
101.905731,46.162994,35.07341,61.521835,61.243309
103.190643,46.897068,35.726593,60.893349,60.852039
103.964569,47.592503,36.198475,60.913414,61.290005
103.859398,47.747044,36.503952,60.96693,61.231628
102.845024,47.28986,36.111546,62.049969,61.675446
100.553223,46.105038,34.676029,62.999363,62.066772
100.312759,46.240261,34.864784,62.836971,62.065536
99.929543,45.53838,34.055134,62.226292,61.701939
100.560738,46.08572,34.770412,61.481461,61.267979
98.479347,45.428917,33.578281,61.810238,61.185879
97.464897,44.894455,33.113842,61.890785,61.05685
96.180023,44.669086,32.532684,62.803413,61.045116
99.636505,46.079285,34.72073,62.26656,60.347221
98.704735,46.079285,34.077488,63.467743,61.074436
98.92263,46.156551,33.767029,62.971146,60.411777
97.389778,45.042561,32.569931,63.74958,60.376537
96.405441,44.360008,31.765244,64.239494,60.869156
100.410431,45.718689,33.41684,63.991127,60.757786
97.923279,44.063801,31.410091,65.051437,61.021637
99.737099,44.727036,31.93911,65.212463,61.344177
101.730629,45.544823,33.163517,63.95089,61.226898
101.828857,46.208073,33.672661,64.219337,61.502579
100.582825,46.208073,33.39946,63.95089,61.578823
100.265694,46.169434,33.238022,63.501286,61.20348
99.306648,46.130798,33.178425,64.118629,61.53191
99.654053,46.298218,33.374626,64.346825,61.696117
103.157822,47.75993,34.656158,63.299603,61.59766
103.2258,47.862949,34.681004,63.434368,61.70377
103.482498,48.004627,35.103214,63.575806,61.733238
103.369247,48.165607,34.961655,64.155457,62.48172
103.422127,48.4618,35.426079,63.818447,62.552395
103.316391,47.95311,35.232357,63.596088,62.328438
102.568817,47.560303,34.683483,64.256508,62.145763
102.712318,47.412201,35.180202,64.04084,62.204674
100.71875,46.774734,34.606491,64.472176,62.263641
100.378937,46.877758,34.524532,64.094765,61.880547
100.613029,47.206158,34.929356,63.299603,61.750889
103.339058,48.69363,35.962528,62.679577,61.397316
103.490112,48.152714,35.701763,62.571735,61.556423
104.569901,48.493999,36.240688,62.517826,61.827507
104.622772,48.873924,36.42448,62.767178,61.627174
104.162132,48.365223,36.086712,62.982857,61.491596
103.99601,48.616352,36.605789,62.77393,61.680183
104.449081,48.300835,36.136387,62.241508,61.59766
105.415634,48.700058,36.402134,61.877609,61.627174
105.438293,48.983387,36.332596,62.066345,61.921783
105.022949,48.55196,35.689335,62.302177,62.11631
104.403809,48.81596,36.42448,62.746986,62.464031
106.563477,49.112175,36.811935,62.751022,62.832775
106.857925,49.247387,37.164604,61.959694,62.465744
106.344482,49.331097,37.13728,61.959694,62.554558
107.265701,49.698143,37.55204,61.513294,62.152065
105.355247,48.828842,36.434422,61.777039,62.317822
105.083389,49.25383,36.809444,62.331699,62.596027
104.88707,48.861046,36.50893,62.561649,62.596027
106.065056,49.350414,36.978329,62.46693,62.536762
106.080162,49.183002,37.154663,61.78384,62.181709
106.299149,49.183002,37.244072,61.810913,62.217182
107.628166,50.020103,38.036335,62.372311,62.63155
107.726303,50.561005,38.520653,62.115299,62.548653
108.020836,50.354939,38.528088,62.196384,62.56049
107.144867,49.891327,37.860004,62.521053,62.584187
105.332542,49.324661,37.47506,62.534611,62.311886
105.347725,49.897766,37.58432,61.797371,61.625298
103.935585,49.331097,36.928658,62.067936,61.909363
104.705833,49.23452,36.869053,61.64859,61.536449
105.189133,49.228069,37.365768,61.100742,61.139889
105.717682,49.118599,37.447723,60.661152,60.843914
105.981979,49.395504,37.576881,61.060135,61.086613
104.88707,48.880352,37.129833,61.295696,61.296486
104.275398,48.777325,36.459259,61.736877,61.534359
104.222527,48.493999,36.141365,61.187122,61.344101
106.306725,49.298904,37.29126,60.820572,61.017017
102.916199,47.882282,35.940182,61.60799,61.320293
103.165352,47.817883,35.848289,61.60799,61.26675
102.651886,47.006523,35.021252,61.207458,60.915966
101.141624,46.407677,34.497211,61.064919,60.892151
101.526741,46.246693,34.698383,60.453968,60.374809
102.810471,46.6717,35.07341,60.325027,60.059658
102.87085,46.909946,35.192616,60.338573,60.27372
102.372505,47.051601,35.341633,60.460804,60.469971
101.375732,46.665257,35.170269,60.969894,60.773212
101.504089,46.575111,35.224907,60.6101,60.458061
99.856514,45.557693,34.074993,60.963112,60.49374
99.757851,45.55127,34.174347,61.092106,60.469971
99.560562,45.345196,34.022846,61.49934,60.434265
100.031059,45.829414,34.704117,61.526508,60.481857
97.314194,44.668106,33.513397,61.940563,60.529404
96.782951,44.786201,33.83746,62.666874,60.469971
97.124458,45.055214,34.093681,62.680454,60.297482
97.428047,44.569675,33.485764,62.531914,60.270031
95.758423,43.861092,32.531189,62.858944,60.228249
95.857086,44.143204,32.438248,62.722694,60.150635
94.878113,43.762665,32.322685,63.008854,60.431293
96.562874,43.992306,32.719585,63.417587,60.759735
94.703575,43.421478,32.058907,63.696869,60.801556
95.090584,43.795479,32.639198,63.69009,60.455139
93.982613,43.106564,32.420662,62.784004,59.989353
93.132637,43.014698,32.380463,63.335838,60.019199
91.819717,42.325783,31.840366,63.315372,60.007206
94.073662,43.106564,32.759785,62.170876,59.535431
95.014725,43.762665,32.91301,61.850742,59.332413
95.606651,44.044796,32.629154,61.61903,59.224937
95.659798,44.300682,33.033592,61.85751,59.290611
96.74501,44.451572,33.053692,61.550934,59.672813
97.268654,44.615604,33.101421,61.428337,59.463795
95.249992,43.802032,31.878036,62.027802,59.989353
95.227203,43.893894,32.096584,61.407906,59.672813
93.830818,43.159039,31.553982,62.027802,60.019199
95.834305,43.585522,33.30238,61.775745,59.869934
97.54187,43.992306,32.955727,61.837101,60.156548
96.251717,43.559273,32.217178,62.450188,60.53281
95.743271,42.909714,31.998619,62.588291,60.314415
94.855339,42.502937,31.018923,62.444763,60.320419
97.412857,43.578949,31.418341,61.979786,60.056438
97.845406,43.592083,32.043842,61.726833,60.146461
96.388351,42.719448,30.943562,62.731926,60.644417
98.179321,42.896603,31.018923,62.902813,60.704369
99.196259,42.857243,30.69486,62.301144,60.428432
98.164139,42.548862,30.438637,62.88232,60.794361
97.57222,41.879635,30.431103,62.663567,60.47636
98.30835,41.715595,30.830515,63.066929,60.650387
98.786446,41.440025,30.348204,63.613895,60.788372
97.4356,41.23008,29.835739,63.866882,60.81237
96.373161,40.764236,29.587036,63.620697,60.716339
96.820869,41.006992,30.34067,63.798489,60.722378
96.987854,41.171032,30.295446,63.682301,60.362389
98.391846,41.361301,30.272839,63.641304,60.386425
96.395897,40.711742,29.647339,64.277122,60.776413
96.676682,40.915142,29.700079,64.331841,60.848377
97.617729,41.302246,30.33313,64.441185,60.752384
98.801643,41.833706,30.54414,64.44809,60.740391
97.739151,41.70903,30.182409,64.160873,60.620396
97.13208,41.066048,29.270525,64.757896,60.859634
97.048569,40.895458,28.78821,65.032356,60.980209
94.126793,39.143631,27.461843,65.553879,60.998268
94.422745,38.999287,27.853724,65.519585,60.937984
96.373161,39.871918,28.20039,65.794075,61.040451
93.512077,38.579384,26.617792,66.446022,61.251431
93.891556,38.95335,27.047354,66.034248,61.227283
95.249992,38.868069,26.64794,65.999947,60.751163
95.690132,39.629154,27.537199,65.149048,60.287098
91.136681,37.942951,25.374321,67.262573,59.841125
92.662109,37.66082,25.592871,67.24881,56.044189
88.495735,36.223942,23.776649,67.585114,53.476719
91.121529,37.870789,25.781273,66.596939,54.20599
94.740311,40.554283,28.991686,64.483368,55.899544
92.595467,39.169891,27.100105,64.47654,56.230995
90.488777,38.618752,26.256062,64.229492,55.652458
90.778793,38.730282,26.557497,64.510849,55.507755
92.198547,39.622604,27.921551,64.380455,55.748833
92.244339,39.202694,26.971994,64.847115,54.242123
85.015915,34.826424,23.821877,66.734192,49.300083
88.534721,36.939102,25.751129,65.107872,54.115551
88.588173,36.663532,26.060118,65.926979,54.615036
85.374672,35.062622,23.776649,66.456947,53.821957
84.222092,34.924835,23.15115,67.042023,53.797737
79.932404,32.94994,21.41029,68.260353,53.174126
76.352547,31.408079,19.744795,68.053917,54.167049
74.429031,30.706028,19.744795,67.076393,53.779552
69.230965,28.868927,18.290308,66.512024,52.344685
67.55172,27.7929,18.50132,66.043991,49.462891
77.360062,32.208538,22.71405,65.197357,52.187328
76.215126,31.545864,21.58362,64.777428,51.369991
68.711945,28.180012,18.094368,65.396896,51.369991
71.57428,29.839972,18.983646,65.059662,51.908806
71.146828,29.203539,18.388287,64.612251,51.466869
75.421295,31.066896,19.676975,65.12851,53.034874
73.169571,29.315083,18.109442,65.472672,53.561592
69.185173,27.176161,16.202791,66.801117,52.944065
69.986641,27.773222,16.654964,67.296654,53.277054
66.437294,25.975473,14.936711,66.580864,53.488956
64.078697,24.610754,14.544826,66.629013,53.143867
71.566658,28.002861,17.589447,65.658493,52.792706
71.047615,28.068472,17.031769,65.328094,53.682697
73.505447,29.052639,19.330307,64.736168,53.283081
73.909988,29.242908,19.164509,63.896393,53.065163
74.123695,29.361004,18.991177,64.069206,53.500153
76.642563,31.375269,20.724499,65.271645,53.865284
73.421463,29.669378,18.086838,66.045609,54.911774
69.353065,27.753532,17.174963,65.568817,55.288979
71.642998,29.321638,18.569147,65.140343,54.899593
70.704117,28.88205,18.742481,65.458244,54.923931
68.521088,27.930683,17.574373,65.651703,55.100399
65.506081,26.42819,16.270615,66.073288,55.088211
69.589737,28.678642,18.523939,64.490738,54.710995
66.116722,27.031815,16.745394,65.769218,54.698799
65.23893,26.539732,16.466555,66.059479,55.094315
66.467842,26.585651,16.225397,66.909431,55.161251
62.208626,24.8076,14.823669,68.623352,55.246418
57.590702,23.442879,13.761069,72.168533,54.644066
60.697296,25.109402,15.743082,71.125046,55.276833
64.903091,26.611904,16.700178,70.012413,55.033466
65.383987,27.097427,16.383657,72.071793,55.295105
67.910461,27.392672,17.634663,72.168533,55.003056
68.76535,27.379557,17.295536,73.060013,54.844864
62.674255,25.14221,15.63004,75.857887,55.702194
65.086288,26.50692,16.617285,76.149124,56.124111
66.650993,26.861219,16.752928,76.364075,56.515465
65.109177,26.034521,16.036999,77.868752,56.570515
67.116608,26.362579,16.986549,76.606766,56.185276
69.459953,27.615751,18.071758,76.440315,56.766228
68.314995,27.359869,17.823067,77.951958,57.151459
68.780609,28.081598,18.885668,77.764748,57.286007
67.124283,27.956924,18.403357,77.917328,57.481674
67.92572,28.232496,18.659584,77.917328,57.793514
66.979248,28.304665,18.410891,78.804817,57.775169
70.131622,29.931826,19.880451,80.753281,58.961487
69.452309,29.780916,19.533779,82.944427,59.835938
68.154709,28.868927,19.104218,84.684822,61.285217
67.861526,28.44902,19.172045,84.775024,60.374104
66.992004,28.252176,18.456102,84.123215,61.101776
66.299484,28.040222,18.303259,84.012283,61.303555
66.684196,28.412312,18.433184,83.831993,61.456493
67.068985,28.54521,18.372046,84.109352,61.572651
66.876587,28.551851,18.341476,84.00843,61.764233
68.461716,29.40901,18.830578,84.80854,62.304646
69.439011,29.807682,19.082777,83.034447,62.421333
71.532021,30.193071,19.992207,80.947273,61.782692
71.447388,29.708019,20.252045,78.860085,62.206409
71.924461,30.026947,20.710585,78.067009,62.310795
69.769852,29.508671,19.518389,78.373077,61.788818
70.054581,29.947214,19.434322,78.310486,62.230961
68.554108,28.910664,19.013994,78.428749,63.004684
66.907356,28.212975,18.211555,79.24279,62.679195
67.030472,27.6947,18.265049,79.326256,62.544113
64.922073,26.558477,17.378544,80.634178,62.26778
64.94516,26.797674,17.57725,80.76635,62.390621
65.453033,26.957146,17.768303,79.521027,62.390621
61.998047,24.983706,16.44619,79.507103,61.469536
64.675804,26.206303,17.340332,76.995529,61.162476
63.675499,25.595001,16.767168,75.513702,60.935253
63.952522,25.415602,16.981148,74.922295,60.529919
64.391144,25.913942,17.179852,74.268333,59.989536
65.045181,26.418932,17.485537,76.014603,61.119484
67.245941,27.19635,18.372046,74.115265,61.604542
65.060593,25.960457,17.439684,72.410728,60.867668
63.737061,25.714611,17.309769,72.18116,61.297539
63.544682,25.462112,17.133986,73.524117,61.001904
64.437302,26.193014,17.646029,71.773071,60.798294
64.121811,26.060123,17.775944,71.521904,60.822948
65.075974,26.432226,18.150415,71.584724,60.292225
66.930428,27.043526,19.059847,71.36142,60.650158
67.022797,27.036882,18.960501,71.59169,60.761284
63.952522,25.694675,17.814154,73.1474,61.05748
64.329575,25.973749,18.349112,74.096153,61.2673
64.375755,25.894007,18.234482,73.398567,61.316715
63.683205,25.614939,18.326187,71.445198,60.847649
60.959187,24.252792,17.156923,73.670647,61.180908
60.813,24.232861,17.034641,73.042747,60.878529
60.158924,24.199636,16.874159,71.800987,60.378616
59.574112,23.847477,16.44619,72.498596,60.125629
57.442581,22.937164,16.041147,73.168327,59.921955
59.620274,23.893988,16.920006,73.091583,59.706009
59.150875,23.236174,16.629604,72.247475,58.891445
58.189026,23.043474,16.4844,71.487083,58.51498
56.888603,23.043474,16.22456,71.075432,58.107658
54.32616,21.721201,15.238713,72.252121,58.115074
53.918346,21.634821,15.452692,71.769371,57.798759
55.195694,22.598284,16.537897,71.44059,57.780148
52.941086,21.687977,15.857731,73.427406,57.625126
53.033401,21.648115,16.125214,72.937653,57.749115
52.410141,21.063387,15.811882,72.510994,56.16119
55.534245,22.478683,17.095785,71.11879,56.97377
55.895927,22.604939,17.095785,71.888344,56.992348
58.096676,23.116562,17.753016,72.23114,56.942772
58.550686,23.269396,17.852375,71.867317,57.469971
58.373688,23.521891,17.867653,70.733994,57.550648
60.158924,24.139837,18.257412,70.349281,57.395569
61.505539,24.83087,18.639523,73.014633,58.617538
60.743732,24.817589,18.517244,73.105591,58.741589
59.450264,24.472067,18.265049,72.699806,58.146076
63.720516,26.232887,19.954,72.070198,58.325985
62.465008,25.408958,19.33497,72.755775,57.749115
63.123756,25.800993,19.62538,71.776398,57.469971
64.410271,26.146502,20.160339,72.608925,57.767757
63.247776,25.309298,19.564238,73.147591,57.947605
61.062256,24.345819,18.55546,73.427406,57.904209
61.627975,24.97706,18.960501,73.952103,58.381851
62.821507,25.628227,19.587164,74.626991,58.293907
64.658264,26.784391,20.649439,73.714958,58.312603
65.301498,26.937212,20.90164,72.206566,57.95084
64.790016,26.379059,20.641806,71.897842,57.919647
63.278755,25.827562,20.16798,72.080269,57.894684
63.960735,26.086708,20.466028,72.718727,58.474743
66.502754,26.784391,21.360176,71.806686,58.867722
66.518257,27.050173,21.490091,72.466095,59.43528
65.371231,26.791037,21.146193,72.844971,59.591278
66.068756,27.143198,21.45188,72.718727,60.05283
67.037498,27.315952,21.635294,72.143417,60.308552
67.487022,27.222935,21.482452,71.350662,60.233696
64.658264,26.10664,20.435457,72.431053,59.903111
65.921516,26.704651,20.871067,71.715446,60.090237
65.518517,26.492022,20.695295,71.280434,59.940506
66.161766,27.156481,21.016272,71.273491,59.890636
67.161491,27.57509,21.413671,70.557808,60.021641
66.526009,27.249508,20.695295,70.85952,59.94677
66.316734,26.990374,20.626513,69.701897,59.753445
67.727257,27.68141,21.71172,69.084557,60.040321
67.750511,27.854164,21.910418,68.810921,60.002907
68.114746,28.179756,22.23139,68.337326,60.152111
70.431999,29.349194,23.767494,68.562477,60.296242
70.191765,29.056837,23.553511,68.478073,60.490562
71.408508,29.761171,23.958553,68.316162,60.760063
70.416512,29.262817,23.362453,66.648384,60.177132
72.059502,30.531952,24.141966,66.810265,60.55949
70.711014,29.754526,23.576437,67.760239,60.74128
70.501755,30.07346,23.744562,68.006577,60.9105
68.727036,29.050198,22.873341,68.745453,60.797684
69.31601,29.335918,23.201967,69.012886,60.935585
68.750259,29.070127,22.987984,68.99173,60.922974
70.703262,30.179783,24.264236,67.922142,60.835266
70.617996,30.452206,24.539366,67.563248,61.079758
70.145279,30.651546,24.615789,68.273941,61.43071
69.137764,30.418989,24.157255,66.5569,60.803947
68.990501,30.591736,24.264236,65.818024,60.7225
70.757515,31.203043,24.554649,64.82579,60.697414
69.494263,30.598387,24.271883,63.678726,60.277451
70.463013,30.910685,25.020826,64.600601,60.503052
71.710739,31.528637,25.402943,66.268402,61.393082
73.446762,32.306046,26.47286,64.309242,61.372974
73.508743,32.585129,26.090746,64.655197,61.826496
72.578766,31.615017,25.166033,65.262344,62.141464
73.260757,31.814346,25.632212,63.913906,61.870579
73.276253,31.422325,25.685701,63.426758,61.543034
72.974014,31.355869,25.288303,63.264393,61.417049
73.346016,31.741261,25.334156,63.257294,61.883171
73.159996,31.801073,25.65514,62.261868,61.700485
73.485519,32.345924,26.205383,62.953735,61.914684
73.687019,32.17981,25.785053,63.518539,62.374557
71.997513,31.023643,24.86034,64.090424,62.393398
71.021011,30.664841,24.485868,65.205894,62.355656
70.951256,30.751221,24.210749,64.838753,62.431236
71.470505,30.698053,24.141966,63.857441,61.637512
71.733955,31.183115,24.264236,64.732834,62.103645
69.582855,30.179783,23.38538,65.361229,62.330429
69.637405,30.576746,23.537161,66.130684,62.834347
70.237518,30.603895,24.053358,65.467072,62.733551
71.765137,31.248531,24.769875,66.667274,63.224922
71.578087,31.187466,24.900846,66.780251,63.256409
72.248322,31.452108,25.085754,66.879089,63.187096
71.663803,31.085682,24.831507,66.766106,63.168194
71.959961,31.601398,25.286076,66.633667,63.082802
69.995911,30.692102,24.592672,66.789505,63.089146
69.988129,30.732822,24.53874,66.662064,63.240982
68.632019,29.986385,23.960903,67.108253,62.987881
68.585258,29.864241,23.68354,68.347694,63.563728
68.717751,30.230679,24.107292,67.533157,63.589043
68.554085,29.877804,23.822224,68.156464,63.842075
70.221954,30.400326,23.99172,67.773972,63.804104
70.619438,30.563175,24.253674,66.647827,63.664928
72.684776,31.608183,25.555725,64.933823,63.076443
72.567894,31.886404,25.601955,65.634987,63.513035
73.362839,31.77104,25.863907,64.622192,63.316936
74.14222,32.388554,26.78845,64.962196,63.576317
74.485168,32.592117,26.711399,66.258316,64.4748
74.469574,32.673569,26.649759,65.663361,64.303955
76.11409,33.223209,27.404791,64.459343,64.196404
76.425789,33.426777,27.273829,64.770912,64.373573
76.651787,33.460705,27.512665,64.027237,64.228027
76.293304,33.318195,27.3894,64.593864,64.4748
76.106262,33.046776,26.773035,64.947998,64.879707
76.901184,33.691425,27.435619,65.868729,65.234062
77.010315,34.20715,27.566597,67.150726,66.094574
78.280724,35.001076,28.598995,66.133034,65.479195
78.483353,34.946793,28.337044,65.607193,65.148613
78.257324,34.804298,28.098204,64.626488,65.161339
77.852043,34.587147,27.867062,64.846794,64.983337
78.873062,34.553219,28.144434,64.306717,64.970634
78.709381,34.342857,27.82855,65.109741,65.174019
77.727348,34.146069,27.304636,65.863022,65.510994
78.561287,34.532848,27.551184,65.159508,64.938812
79.161415,35.062157,28.02887,66.083328,65.568199
78.553482,34.763577,27.52037,66.339142,65.555489
76.620659,33.643925,26.441738,67.319862,65.663536
77.228539,34.227501,27.019585,66.929016,65.498291
77.906609,34.519291,27.088923,67.483292,65.708069
78.709381,34.763577,27.558889,68.037605,66.019562
80.252525,35.523582,27.97493,66.637611,65.720764
80.244751,35.516804,28.098204,67.845749,66.057701
80.40062,35.869663,28.036568,68.2295,66.172112
80.408401,35.720375,27.951817,68.542183,66.610764
80.587646,35.991798,27.897884,68.272125,66.305695
80.572075,36.012169,27.751501,68.584785,66.636223
79.855057,35.747517,27.204485,68.648766,66.960396
78.093651,34.858585,26.68829,68.48262,66.624481
77.797508,34.817863,26.973347,69.480797,66.822456
78.444405,35.089294,27.512665,69.053009,66.937431
79.543304,35.625378,28.044277,67.876633,66.982193
80.229134,36.331089,28.622112,67.399048,66.809685
80.844887,36.778957,28.776199,67.320572,66.790527
81.671005,37.104668,29.153715,68.561111,67.231232
81.655418,37.057178,29.169127,68.938927,67.838043
82.052917,37.131813,29.061256,68.254456,67.493141
82.395828,37.138607,29.407967,67.90519,67.454742
83.642815,37.871475,30.147598,68.026382,67.66555
83.518112,37.627182,29.985794,68.881897,67.997719
83.571404,37.728966,30.070549,68.268776,67.569771
83.359962,37.328602,29.808592,68.425644,67.729408
83.845467,37.84433,30.263161,68.568169,67.889084
83.148499,37.518608,29.808592,68.774925,67.921043
82.232315,36.968956,29.223066,68.974571,68.029655
81.793755,36.812878,29.346329,69.85144,68.291534
83.258133,37.315037,29.723854,70.464554,68.463974
83.007553,37.091099,29.79318,70.40036,68.195709
82.686531,37.104668,29.9781,70.336197,68.138206
80.634773,36.1343,29.161415,71.29953,67.440231
80.258911,35.733948,29.169127,70.806091,67.003967
81.457054,36.249668,29.84712,70.813248,67.363197
82.623863,36.860382,30.340212,70.112411,67.222076
82.850937,36.996105,30.309385,70.934814,67.651932
83.485252,37.532181,30.679205,70.191078,67.27343
83.994247,37.437176,30.702324,68.582024,66.683167
84.323158,37.661102,30.95657,68.689301,66.914169
84.150871,37.579678,31.010506,69.046844,67.042404
85.599594,38.482182,32.012077,68.02417,66.721687
85.912834,38.658623,31.834869,67.709564,66.708862
85.270691,38.07505,31.395727,68.260201,66.760178
85.975471,38.685764,31.996675,68.796555,67.100189
85.521286,38.482182,31.572914,69.168427,67.530022
84.753822,38.353252,31.403429,68.753654,67.247749
85.615234,38.726486,31.665375,68.417526,67.645523
84.636391,38.115753,31.403429,67.902596,67.27343
83.720192,37.53896,31.010506,67.02301,66.991119
83.336456,37.240391,30.471186,67.938385,67.56852
81.762444,36.344666,29.076668,68.260201,67.113007
83.516556,37.416824,30.363316,67.516418,67.196419
81.096817,36.168232,28.945696,68.496162,67.799461
81.691978,36.521091,29.377146,68.19342,67.698921
81.950348,36.378597,29.423374,67.511826,67.389572
82.161804,36.745033,29.97039,66.894798,67.653839
83.673187,37.220028,30.58675,66.894798,67.698921
83.892448,37.328602,30.548225,66.959442,67.879395
85.803177,38.373611,31.673079,67.0383,67.918121
85.818855,38.17004,31.526701,66.916367,67.872955
86.257355,38.2854,31.796354,67.196182,68.124313
85.380333,37.728966,31.08753,67.074211,68.124313
85.842346,38.258259,31.619143,67.382721,68.324127
87.087471,38.868977,32.412708,68.17189,68.646355
87.189262,38.611115,32.297142,68.537788,68.749527
87.134438,38.488979,32.0429,68.136024,68.523941
85.998985,37.762897,31.449648,68.257988,68.607719
85.693558,37.552536,31.318668,68.243652,68.285446
86.782051,38.224335,31.973551,68.157547,68.285446
86.915161,38.068249,31.796354,68.588058,68.549667
87.220558,38.577187,32.166168,68.903725,68.801056
85.803177,37.464317,30.918047,69.162003,68.781746
86.092941,37.586468,31.218508,69.327003,69.123299
87.157951,38.617905,32.112236,68.554741,68.777657
87.118782,38.678978,32.243195,68.612328,68.790634
86.437477,38.590755,31.942728,67.899788,68.771202
86.930832,38.455048,32.235497,67.180031,68.486366
86.797729,38.24469,31.958141,67.266365,68.454056
85.834518,37.579678,31.364897,67.367165,68.7453
86.155571,37.532181,31.557512,67.057648,68.350479
86.641083,37.647537,31.742405,66.287544,68.408691
87.009155,37.633968,31.857988,66.28038,68.085052
87.604324,38.000393,32.073711,66.35955,68.460495
87.197083,37.579678,31.742405,66.064392,67.96862
87.330215,38.020756,31.927322,65.98526,68.227516
86.280891,37.125034,31.010506,67.072075,68.518784
86.769005,37.213253,31.095251,66.784187,68.408691
87.650795,37.321819,31.056715,65.596596,68.078598
87.965721,37.558743,31.369722,65.229507,67.793823
88.138901,37.901127,31.680391,65.243958,68.007378
88.556183,38.051762,31.998808,64.567368,67.690292
88.745132,38.216106,32.107555,64.387436,67.509071
88.619164,38.277733,31.992579,64.812164,67.713753
88.587677,38.120247,32.132412,65.238335,67.79174
87.737404,37.853184,32.241173,64.927689,67.694305
89.225403,38.846081,33.181225,64.869957,68.051781
89.461586,38.880314,33.422062,65.28891,68.376732
89.524582,39.044659,33.491982,64.414925,68.175232
89.902489,38.894012,33.297752,64.523277,68.259773
90.201668,39.202156,33.561905,64.494339,68.409264
90.327621,39.523991,33.491982,64.140419,68.480759
89.485237,39.058361,32.955925,65.238335,68.610718
90.241035,39.387043,33.056919,64.479904,68.32476
90.4851,39.688328,32.971466,65.382744,68.571732
89.46946,39.065197,32.590778,65.787285,68.545769
90.587425,39.448669,33.251148,65.599457,68.60424
89.666283,38.442078,32.450943,66.263947,68.558708
87.942078,37.620365,31.472054,66.567345,68.740753
85.981728,36.887691,30.77284,66.451797,68.63678
86.4226,37.339619,30.998152,66.148422,68.630257
86.060425,37.127346,30.353319,66.17009,68.44825
86.46981,37.086258,30.275633,66.134018,68.201241
85.477837,36.463135,30.065878,66.0979,68.10376
84.548775,35.935883,29.739578,66.675751,68.539246
85.863609,36.593243,30.539778,66.070435,68.233734
86.902832,37.202675,30.788382,66.258888,68.44915
86.46981,36.812359,30.609697,65.490555,68.37738
83.800858,35.312748,29.226826,66.527138,68.370827
83.974068,35.251122,28.900524,66.672089,68.161949
83.367828,34.552677,28.613071,66.759064,68.227196
84.414955,35.641434,29.545349,66.092216,68.070549
84.249626,35.41547,29.467665,65.461555,67.541809
85.131378,35.744144,30.24457,65.106415,67.698448
85.060562,35.436016,29.863878,65.374542,67.776833
86.398987,36.223476,30.633005,65.497818,68.044472
86.808388,36.2714,30.741764,64.751259,67.815964
87.320114,36.476841,30.858309,64.490273,67.770256
87.501198,36.250858,30.594162,64.838219,68.011787
87.516937,36.31934,30.633005,64.57,68.050964
86.454071,35.805786,29.926033,65.577507,68.214134
87.249245,36.031742,30.213478,65.737022,68.507912
87.131157,35.812618,29.96488,66.106644,68.436134
87.186279,36.031742,30.267868,66.447342,68.886497
88.091667,36.312496,30.780615,66.418251,68.974991
88.335747,36.586407,31.130217,66.331055,69.119209
88.414474,37.024639,31.169064,66.16375,69.263443
88.682175,36.928764,31.005915,66.512802,69.296234
89.94973,37.647766,31.813892,65.640236,69.210991
89.965454,37.647766,31.837191,65.298431,69.322472
90.115044,37.558743,32.015884,65.313026,69.256882
90.516579,37.71624,32.241173,65.145729,69.322472
90.894485,37.860035,32.248955,65.385742,69.296234
90.902367,38.113396,32.140194,65.792915,69.44043
90.926003,37.846336,31.907116,65.705688,69.427315
91.650314,38.325668,32.318871,66.229233,69.74855
92.193558,38.531094,32.668468,66.512802,70.004181
92.146286,38.305122,32.41988,66.294655,69.866501
91.679878,37.914822,32.000343,66.3601,69.814041
92.170021,38.024372,32.116886,66.432869,69.92556
92.818275,38.291431,32.342167,66.120117,69.879623
92.367676,37.661461,31.860498,64.913101,69.361786
92.217476,37.640915,31.775047,64.498581,69.112671
92.162109,38.010681,31.930433,64.680389,69.322472
92.747116,38.332512,32.505333,64.433105,69.263443
92.810371,38.332512,32.629627,64.636772,69.302765
92.494133,38.332512,32.722855,65.080322,69.335541
93.126556,39.010426,33.577438,64.921188,69.486328
93.885513,39.05151,33.880424,63.840965,68.847649
94.106857,38.941944,33.98143,63.943184,69.01223
93.56929,38.668045,33.686218,64.760628,69.361214
93.893425,38.626961,33.802742,64.789825,69.22953
94.510048,39.133682,34.012508,64.943108,69.27565
94.660278,39.256931,33.740585,65.286156,69.47316
94.731369,39.222691,33.670666,65.497772,69.723366
95.806541,39.743103,34.167885,65.037964,69.664108
95.88559,39.715725,33.98143,65.110992,69.782639
94.35984,38.839241,32.986996,65.585396,69.947266
94.715584,38.736523,32.854923,65.424774,69.769455
95.561462,38.976189,33.243382,65.65831,69.920914
95.387566,38.72282,33.134613,66.19841,70.164536
95.672142,38.373604,33.274445,66.001396,70.006523
96.296684,38.661194,33.453136,65.76786,69.993362
95.933037,38.70229,33.453136,65.840858,70.026268
93.664146,37.147888,32.256725,66.767761,70.07235
94.375648,37.154739,32.528625,66.19841,70.190857
95.545677,37.729935,33.06469,66.47583,70.368637
93.925049,37.257458,32.668468,67.24218,70.658371
95.142471,37.524506,32.84716,67.154289,70.679558
92.90522,36.038597,31.339981,68.362755,70.76548
92.351837,35.346985,30.77284,68.765549,70.461327
89.284531,33.772049,29.51428,70.889549,69.297546
87.956406,33.696739,29.669662,70.003319,69.522369
91.830093,35.881092,31.806122,68.553177,69.958771
91.569183,35.299061,31.231211,68.37738,70.031509
92.849884,35.69622,31.619667,67.85743,70.005066
91.695694,35.230579,31.324436,68.304146,70.210052
90.035515,34.230843,30.679623,69.490662,70.190201
90.082962,34.278778,30.493164,69.234322,70.309219
88.857643,33.539246,29.856108,70.296295,70.534103
88.351685,33.669331,29.568657,70.530678,70.573761
85.015556,32.498413,28.100327,72.017487,70.41507
86.256752,33.292728,29.009296,72.090691,70.296021
85.149948,32.52581,28.70631,71.841698,70.481163
85.236923,32.40255,28.395548,72.19326,70.143944
84.723068,31.92321,28.380014,71.988159,70.190201
87.561119,33.737823,30.096954,70.354881,69.826561
86.46228,33.087307,29.599739,70.677162,69.733971
85.00766,32.758621,29.055906,71.173965,69.676147
87.221191,33.635098,30.073645,70.49781,69.921906
87.521629,33.532391,29.96488,69.983383,69.696129
84.446373,32.101265,28.900524,71.864708,70.121117
83.39492,31.697256,28.449921,72.415939,70.413261
84.288239,32.203964,29.10252,72.055801,70.413261
83.837662,32.087563,28.947138,71.974968,70.439835
86.288338,33.443371,29.957102,70.688873,70.147652
86.707336,33.491302,30.112488,71.585464,70.406609
86.57296,33.703583,30.120251,71.218018,70.273834
88.541389,34.771801,31.029221,70.924034,70.187477
88.509789,34.607456,31.029221,71.328239,70.260574
88.652084,34.717014,30.873848,71.908798,70.725395
88.748199,34.655384,31.013681,71.791206,70.718666
88.494041,34.648537,31.549742,71.585464,70.897987
87.032478,34.210293,30.943762,72.437981,71.243317
86.762444,34.439526,31.023531,72.930298,71.542107
85.324738,33.84034,30.476103,72.496712,71.256569
85.682205,34.035416,30.835846,72.79068,71.376053
85.412086,33.784592,30.624695,73.474129,71.767921
82.774971,32.628025,29.381256,74.275146,71.734665
81.988632,32.405048,29.185743,74.774902,72.020195
81.623253,32.878838,29.396889,74.892845,72.100197
81.178413,32.809166,29.522011,74.295769,71.893532
81.710632,33.464088,30.069443,74.907578,72.193558
84.284172,34.509193,30.734173,74.03038,72.240204
85.118195,34.843628,30.882769,73.558586,72.060219
85.753639,34.87846,31.258156,73.138466,71.973549
85.80925,34.74609,31.007896,73.108978,72.060219
87.104012,35.387077,31.367624,72.482414,72.100197
87.096031,35.512493,31.305069,73.212143,72.42028
87.119881,35.686676,31.156477,73.941895,72.546921
84.721031,34.544025,30.225851,74.303108,72.673592
85.221466,34.766987,30.624695,73.846062,72.660278
86.166679,35.003876,31.344173,73.956612,72.74028
85.046692,34.369846,31.023531,75.209778,73.093651
86.945129,35.526428,31.961987,74.339973,73.000298
87.699722,35.944469,32.180958,73.551239,73.093651
88.613152,36.195297,32.399925,73.425903,73.160294
88.605225,36.299801,32.345184,72.718277,72.913635
88.03331,36.111679,32.165318,72.954147,73.17363
87.604401,36.278893,32.220055,72.932053,73.20031
87.588486,36.167423,32.376469,74.067238,73.540344
89.566345,37.386703,33.213245,73.027496,73.384369
89.137451,37.330971,33.056843,73.448982,73.565117
89.733147,37.365803,33.103767,72.886971,73.337517
89.637817,37.337925,32.955177,73.227188,73.471397
89.272438,37.449409,32.90826,74.025818,73.893066
89.749031,37.491211,33.080299,73.752213,74.134079
89.264488,37.19162,32.62672,73.907463,74.040375
86.818024,35.498558,31.586599,74.89843,74.033691
86.285843,35.456753,31.641346,74.713615,73.772621
86.031647,35.331345,31.813396,75.645332,74.060471
85.991951,35.617001,32.110573,77.538536,74.877075
87.048393,36.014145,32.446846,77.094856,74.756607
87.207237,36.000202,32.423378,77.301903,74.823547
85.690109,35.421921,32.173141,78.507317,74.903877
85.412086,35.052658,32.079281,78.418571,75.037727
85.086456,34.982986,31.789942,78.43335,75.198456
83.823463,34.502228,31.383282,79.690575,75.372421
84.149147,34.537064,31.179943,79.431709,75.513008
83.585175,34.523125,30.984434,80.178635,75.579987
84.879929,35.198967,31.664804,77.908272,74.897163
83.64872,34.69035,31.140835,79.402153,75.385841
83.64872,34.794853,31.328531,80.282143,75.640244
86.150795,36.035038,32.43121,78.622139,75.071762
86.953064,36.237087,32.485943,77.791435,74.977715
88.080986,36.571526,32.869152,76.82724,74.413315
87.088104,36.062912,32.392101,78.399666,74.964264
87.699722,36.341606,32.744019,77.776581,74.816437
88.104805,36.683006,32.931705,76.241264,74.426727
88.549622,36.794483,33.049015,75.892662,74.480469
89.534554,37.463341,33.838879,76.263489,74.581284
89.478966,37.714169,33.823238,76.997818,74.930641
89.820511,37.728115,33.870159,75.855614,74.809731
89.7967,37.546951,33.698112,75.106422,74.574585
89.830231,37.365803,33.643372,75.410538,74.816437
91.203743,38.01376,34.175156,75.848175,74.9105
91.020096,38.006802,34.07349,76.901428,75.481628
90.572884,37.951054,34.096951,77.591164,75.434608
89.838211,37.539978,33.877987,77.813698,75.48835
91.690887,38.585083,34.503613,76.76786,75.320366
91.251663,38.390003,34.441055,78.102966,75.71006
91.571068,38.612953,34.691311,78.637054,75.844444
91.411362,38.550251,34.808609,78.310722,75.770538
91.139885,38.264587,35.011936,78.25872,75.985542
91.523193,38.647789,35.528088,77.880531,75.617325
90.836411,38.090405,35.418606,78.081535,75.738678
92.665131,39.170349,36.059875,77.612564,75.893814
92.657112,39.49781,36.044231,78.587822,76.386208
92.545334,39.365425,35.723583,77.932655,76.365936
93.064392,39.623215,36.153717,77.590172,76.291771
93.152267,39.57444,36.130253,77.605125,76.359245
93.43972,39.490833,35.981674,76.838272,76.244583
94.166412,39.936745,36.646397,76.719162,76.20414
93.799088,40.215435,36.583839,75.572655,75.59034
93.99073,40.08305,36.536922,74.649498,75.111427
94.45388,40.173637,36.552555,75.252495,75.630783
93.216118,39.288784,35.395138,75.70665,75.637543
94.126511,40.027325,35.958206,75.87043,75.772446
94.334122,39.811329,35.958206,74.969612,75.570091
94.509796,39.915844,35.997299,75.475868,75.664513
94.789284,40.069118,36.388321,75.691742,75.934334
94.805275,39.811329,36.357048,74.522934,75.529633
94.533768,39.428135,35.739243,73.867775,75.333977
94.549721,39.734688,35.966038,74.068779,75.637543
94.621574,39.72076,36.067692,74.761139,75.785942
94.653534,39.57444,36.466534,74.439285,75.760201
95.404182,40.229378,36.920116,75.417641,76.112259
95.787506,40.508076,37.146912,73.87912,75.861748
97.632179,41.42775,37.991505,74.454193,76.579468
97.999512,41.246597,37.921127,73.177063,76.335693
97.815849,40.995796,37.764729,73.505714,76.37635
97.113098,40.584709,37.287666,71.88501,75.807564
97.50441,40.703152,37.561375,71.982109,75.645081
97.137062,40.354794,37.193836,71.944763,75.313309
95.987129,40.020367,36.294479,71.556396,74.785164
95.851379,39.992481,36.278839,70.062683,73.965866
94.358086,39.051903,35.324753,71.802834,74.358597
94.405998,39.267891,35.504627,71.407013,74.358597
95.795479,40.250286,36.34922,71.698273,74.412781
96.058998,40.250286,36.372688,72.138931,74.670036
95.979164,39.818302,36.263199,72.44516,75.083122
94.589645,38.619923,35.113609,72.80368,75.123734
95.987129,39.23304,35.926933,71.504097,74.5075
94.869133,38.578121,35.0354,72.497414,74.602341
95.156647,38.236725,35.309113,73.11731,74.676865
94.621574,37.804749,35.019756,73.498215,74.561722
96.633965,38.877716,36.020782,71.86441,74.395874
97.87175,39.616249,36.732422,71.677078,74.232719
98.135277,39.999454,36.865372,71.11496,74.022057
98.031448,39.818302,36.802803,72.119255,74.538612
98.087349,39.839214,36.63076,70.575378,73.845291
98.446701,39.957653,36.396156,69.893394,73.369453
98.830032,40.06216,36.271023,70.238159,73.546227
99.404984,40.152737,36.435257,69.810944,73.206329
99.468842,40.584709,36.669861,70.073242,73.478249
99.556702,40.647419,36.724606,69.054001,73.029663
99.101532,40.110939,36.130253,68.154701,72.574211
99.676498,40.333889,36.231922,68.626846,72.927666
99.783264,40.110939,36.286667,69.878418,73.593773
100.024063,40.201519,36.122429,69.803429,73.546227
100.658272,40.537689,36.649719,70.290573,73.702545
100.971344,40.615036,36.775818,69.788452,73.641411
100.826859,40.593941,36.73642,69.646049,73.675369
100.866989,40.509544,36.618191,70.26812,73.818123
101.011482,40.544712,36.649719,68.891937,73.229889
101.083717,40.896374,37.118927,70.057541,73.782616
100.92318,40.69944,37.308186,70.004951,73.81675
100.947289,40.945587,37.568424,70.779442,74.000961
101.990891,41.283169,37.931175,70.245552,74.287636
101.934677,41.156578,38.104664,70.328262,74.383141
102.4645,40.980755,38.010033,68.779114,73.837196
102.263802,40.509544,37.607861,69.079941,73.94635
102.06311,40.34779,37.260876,69.448402,74.321709
101.934677,40.277462,36.874458,69.824394,74.451424
102.295906,40.551743,37.268761,69.43335,74.417259
103.219093,41.444916,38.017914,68.891937,74.369469
103.050499,41.557449,37.686714,69.508591,74.690239
103.797089,41.810638,37.797112,69.064857,74.335403
103.973686,42.084915,37.74192,68.741508,74.294411
102.954178,41.79657,37.450138,69.237854,74.239815
102.81768,41.437893,37.040062,68.282829,73.919113
103.050499,41.662941,36.653667,68.824249,74.028297
103.636536,42.106007,36.937557,68.854317,74.062454
103.692719,42.021614,36.716751,69.508591,74.430901
104.094093,42.288876,37.040062,68.455772,74.014671
104.350975,42.387333,36.913902,68.76413,74.137474
102.528702,41.444916,35.74678,69.125084,74.233009
103.299347,41.8036,36.125313,68.598679,74.028297
104.953072,42.795246,37.000645,68.259041,73.930351
104.752357,42.760075,36.724636,68.274117,73.786453
104.985161,42.767113,36.677322,67.708122,73.60836
105.282204,42.753044,36.669434,67.021378,73.382263
105.940437,42.886665,36.716751,67.368546,73.464455
106.422127,43.167984,36.732517,66.74971,73.197289
106.181282,43.041389,35.888725,67.330833,73.669983
106.221428,42.760075,35.549633,66.55352,73.306892
106.855606,42.781185,35.983364,67.511925,73.711098
107.112503,42.865566,35.801987,67.557198,73.759056
106.775314,42.738983,35.872959,67.859039,73.92347
107.449631,43.25238,36.172623,67.640175,73.834427
107.770752,43.400074,36.298794,67.74588,73.971428
107.995529,43.547756,36.519596,67.534531,74.081047
105.828056,42.302933,35.352482,68.545815,74.286575
105.177834,42.359203,35.384033,68.794853,74.197472
105.10556,42.394363,35.470783,69.232521,74.279732
106.229408,42.900742,35.896614,69.640053,74.629173
106.887688,43.287552,36.109531,69.730637,74.827858
105.10556,42.682716,35.738899,69.932785,74.829163
105.330368,42.907757,36.227818,68.857666,74.430275
107.144608,43.456333,36.945442,68.183899,74.113876
106.341858,43.062489,36.984882,68.751709,74.395882
105.506966,42.647545,36.464405,68.312584,74.210167
106.430122,42.781185,36.953327,67.896156,74.113876
106.277626,42.795246,37.0243,68.554855,74.499008
104.310867,41.733273,35.928162,69.70562,74.801712
105.03331,41.733273,36.298794,69.311951,74.732895
104.399162,40.987778,36.511719,69.281647,74.815437
103.203018,40.129765,35.904503,70.318878,74.80854
101.292442,38.884953,35.171112,71.113808,75.255638
102.633026,40.179001,35.604843,70.568764,75.20752
103.006363,40.734604,35.667923,70.758034,75.255638
104.602745,41.740307,36.354008,70.341621,75.014915
104.239914,41.620739,36.464405,70.576317,75.152489
104.538239,41.669979,36.945442,70.485451,75.104332
105.537956,42.225578,37.371281,69.955482,74.85672
105.860481,41.761402,37.331848,69.781357,74.746651
105.602493,41.740307,37.14259,69.879791,74.77417
106.311966,41.958321,37.568424,69.342209,74.409592
107.045662,42.457664,38.049469,69.89492,74.664146
106.90052,42.253708,38.380672,69.751038,74.423386
107.352043,42.654583,38.99577,70.090164,74.774864
107.44072,42.710854,39.326981,70.166191,74.947556
107.424614,42.605347,39.248119,69.884872,74.98896
107.763237,42.956993,39.46104,68.835747,74.747231
107.489105,42.746014,39.421612,68.698837,74.636749
107.11824,43.09766,39.46104,68.333893,74.595322
106.795738,43.013268,38.99577,68.394737,74.602257
105.997566,42.612377,38.26239,69.132233,74.864655
105.989502,42.738983,38.577824,69.565567,74.995865
106.070091,42.928864,38.69611,69.512321,74.809395
106.4571,42.865566,38.743416,70.455093,75.203064
105.263863,41.986462,37.773468,70.614738,75.306625
105.868546,42.295906,38.317585,70.918839,75.465454
107.311737,43.371937,39.224468,70.462692,75.500023
107.859962,43.653255,39.571449,70.40184,75.569061
107.747093,43.653255,39.248119,70.667938,75.644989
108.674263,43.990833,39.587212,71.352211,75.9972
109.383797,44.53941,39.516239,70.622353,75.900543
109.738541,44.84182,39.192921,71.16214,76.142197
109.996559,44.630833,39.429497,71.382591,76.287224
109.82724,44.919178,39.437386,71.497177,76.465385
109.432159,44.553467,38.562054,71.901825,76.43074
108.706566,44.173691,37.923286,72.222511,76.541611
107.722923,43.301617,37.560535,72.909691,76.805099
108.198601,43.322708,38.049469,72.58902,76.805099
108.617867,43.63216,38.12043,72.512642,76.88134
109.545052,44.047092,38.569931,71.993446,76.569374
108.392113,43.160954,37.718254,72.405762,76.694183
108.908104,43.301617,37.828667,71.947685,76.513893
108.069595,42.626453,37.000645,72.596664,76.742676
107.384277,42.549084,36.945442,73.001297,76.964516
107.368164,42.640518,37.063725,73.749565,77.068489
108.327614,42.900742,37.663055,72.77224,76.874443
108.585571,43.146889,37.418591,72.741745,77.006119
107.722923,42.535027,37.118927,72.779854,76.950668
106.473213,41.550419,36.346107,73.131119,76.90213
106.384544,41.789536,36.708862,73.405975,76.999191
106.739304,42.056789,36.787724,73.06237,76.846695
107.23111,42.45063,37.260876,73.688507,77.179428
107.642296,42.760075,37.655174,73.65799,77.262589
108.762978,43.646225,38.270271,73.825958,77.255684
106.320038,42.612377,37.584198,74.823654,77.641907
106.207184,42.83041,37.939064,73.398346,76.939049
105.15097,42.851509,37.749805,73.819794,77.106094
104.038376,42.295906,37.14259,73.260376,76.973824
103.973877,42.682716,37.434361,73.597588,77.238327
103.538475,42.134155,37.166237,74.172295,77.287025
104.328606,42.570187,37.458023,73.873459,77.078217
102.877365,41.585583,36.645779,74.440498,76.987762
102.957985,41.64888,36.582691,74.065048,77.071281
104.264091,42.387333,37.134697,72.946167,76.84166
102.409729,40.994812,36.338226,74.27195,77.266106
102.635498,40.85416,36.062214,74.609085,77.119942
102.941788,41.255035,36.109531,74.256653,77.147835
103.468407,41.205811,36.054337,74.348557,77.161736
104.886337,42.098984,36.716751,74.019035,77.140854
104.254387,41.691044,36.35117,74.065048,77.245255
103.954582,41.332561,36.303387,74.632095,77.44709
102.747322,40.938225,36.239658,74.317902,77.488792
103.66288,41.275208,36.6618,73.298721,77.238327
105.015968,41.769905,37.163582,72.708656,76.702477
105.915367,42.501202,37.506062,72.225845,76.528481
106.928169,43.117786,37.912266,72.110886,76.639809
108.508171,43.590969,38.358288,71.995567,76.644012
108.418991,43.33287,38.342365,72.157028,76.916473
108.548676,43.060413,38.08749,72.526115,77.077164
109.674866,43.433243,38.613159,72.310829,77.098099
108.897072,42.895523,38.175098,73.333496,77.594109
106.928169,41.597832,37.107822,74.433128,77.852592
106.466316,41.318218,36.733471,74.686768,77.915459
106.822884,41.934807,37.330833,74.894424,78.111099
106.085526,41.569149,36.932598,73.8256,77.629051
106.701294,41.712543,37.163582,73.948631,77.803719
105.826241,41.095959,36.733471,73.233528,77.503281
107.543968,41.712543,37.267109,74.756058,77.880554
107.479149,42.207245,37.378624,73.871765,77.698921
108.970039,43.103439,37.975983,73.302734,77.580139
109.042931,43.146458,37.952084,73.856361,77.894524
108.435242,42.874016,37.872437,73.049004,77.524277
108.030083,43.132118,37.99987,73.548805,77.866539
105.818169,42.085361,37.330833,73.556511,77.636078
105.510239,41.984997,37.362701,73.833313,77.803719
104.789124,42.092529,37.521984,75.294296,78.502296
104.343475,41.561981,37.490124,76.054192,78.734383
101.677765,40.465031,36.335239,78.337875,79.393578
102.228752,40.701626,36.207806,78.49218,79.365501
97.440178,37.862492,34.136974,81.28495,79.940498
97.294373,38.529255,33.91396,78.93959,78.95179
90.958244,35.654255,31.086454,81.431549,78.201454
95.187691,38.056072,32.910393,81.678459,78.902664
90.982529,35.783314,31.166113,84.108635,79.610962
95.06617,37.496838,32.886497,79.86541,77.977089
95.706253,37.927017,32.870564,81.446991,78.867645
97.731888,38.808868,33.635193,80.621506,79.014885
96.897324,38.24247,33.348454,81.9562,79.302406
96.962158,38.464729,33.587383,83.391129,79.519836
92.78125,36.593472,32.002411,85.103867,79.624992
91.266106,35.969723,31.604166,85.790543,79.52681
91.339043,36.199142,31.572319,85.574539,79.232262
94.345047,37.374958,32.679413,84.394089,78.32769
95.673836,37.389297,32.360825,81.994774,77.402061
94.215424,36.485928,31.731606,82.882027,77.829865
95.584732,37.059498,32.273216,83.699722,77.864883
98.331459,37.941349,33.316605,82.542526,78.117317
98.590698,37.719093,33.36438,83.86953,78.531059
99.028282,38.407375,34.049355,82.573387,78.769493
97.991173,37.934181,33.866165,84.323776,78.827881
95.487488,37.088177,33.101543,87.063087,79.313522
94.790695,35.869343,32.75906,87.96843,79.778046
97.464493,36.937614,33.730759,86.289299,79.932869
96.451698,36.206306,32.982071,87.063087,79.862503
93.923737,34.951653,31.867004,87.991684,79.946945
94.531403,34.801079,31.803299,88.084518,79.461342
95.398369,35.173897,31.851088,86.830956,79.447235
96.719078,35.704437,31.763475,87.566093,79.412064
98.388168,36.47876,32.225426,86.227379,79.137589
98.97049,36.493103,32.281178,86.854172,79.137589
97.985031,35.489361,31.325405,88.510162,79.573975
97.870995,35.632763,31.094427,88.881599,79.609146
94.9879,34.571651,29.939537,91.822151,79.792114
91.91748,33.453213,27.836836,95.273415,79.946945
92.471283,33.833183,28.577559,93.501343,79.454277
94.67028,34.528633,29.007658,92.00013,79.30648
95.729034,35.381809,29.931576,90.591774,79.053131
93.774391,34.779568,29.031551,90.560822,78.736374
94.515526,35.460682,29.429794,91.187592,78.651932
92.153648,34.256195,27.956318,93.478111,79.046059
89.531166,33.352825,27.36692,96.050629,79.193008
91.493996,33.912052,27.789059,94.83268,78.500687
93.187996,34.435429,28.434198,94.149963,78.825668
94.873863,35.360313,29.374039,92.412201,78.507782
94.238594,35.116547,29.023584,91.729469,78.437096
97.39048,36.457253,30.321846,90.433891,78.585464
97.488213,36.392723,30.337774,90.131401,78.797409
98.343369,36.923271,31.190008,88.82032,78.917503
98.147942,36.937614,30.91124,89.704735,78.988152
99.825653,37.367786,31.532488,88.40136,78.938683
97.919876,36.507439,30.465208,89.929642,78.882187
99.833809,37.030815,31.27762,89.371132,79.157677
98.652863,36.364044,30.680262,89.340073,79.362595
99.084503,36.457253,30.09087,88.70385,79.539169
100.965874,37.339115,30.951063,87.765228,79.800529
102.203796,37.898335,32.161709,87.91259,80.210297
100.216568,37.245907,31.524523,90.146881,80.605896
101.234657,37.754944,32.105942,88.571999,80.549377
104.761154,39.84129,34.057308,85.56974,80.535255
104.736732,39.611858,33.770584,86.469658,80.846092
102.211975,37.554195,32.504189,89.898605,81.02977
99.361427,36.378384,31.715689,92.907936,81.435326
100.98217,36.686684,32.687386,91.749016,81.73304
102.822777,37.611553,33.021904,90.488983,81.775589
102.195671,37.138359,32.806843,90.597893,81.938629
102.83094,37.296082,33.085617,91.173447,81.612564
104.150314,37.74778,33.475891,90.006775,81.109184
100.30619,35.811993,31.516552,91.873436,80.896446
101.250893,36.234997,31.723642,90.504517,80.492409
103.156708,37.138359,32.488258,89.952309,80.350647
102.17939,36.47876,32.042236,91.39901,80.343529
102.684326,36.378384,32.241344,91.274521,80.265541
101.055458,35.682938,31.373194,92.106781,80.010338
99.451012,35.295784,30.576714,92.845757,79.37941
99.345161,35.417671,30.696192,92.82238,79.506981
97.455627,34.521465,29.708553,93.374619,79.180893
97.072853,34.421097,29.812103,94.416855,78.975304
94.930893,33.474709,28.848366,95.342445,78.57122
94.751709,33.302647,28.752785,93.957962,78.25927
97.496368,34.722214,30.130701,93.911301,78.294724
97.77327,34.951653,29.995293,93.141243,78.117485
101.796585,36.73687,31.867004,91.68676,78.47197
101.780296,36.421402,31.771425,91.226753,78.654037
101.69075,36.414238,31.675854,92.505478,79.322807
102.798363,36.830074,32.193565,92.318359,79.9133
102.83094,36.658009,31.755508,91.437241,79.48645
103.213737,36.916107,31.882935,91.764732,79.984428
100.949562,35.704437,30.736015,92.910927,79.714104
102.659897,36.593472,31.35726,91.000648,79.408127
101.161354,35.5252,30.178474,92.014267,79.415268
100.216568,35.044842,29.899721,92.871964,79.685661
99.149689,34.629021,29.469622,94.626312,79.820816
99.508018,34.801079,29.660772,94.275459,79.948822
99.655579,34.657688,29.883781,95.374855,80.397072
98.590065,34.335052,29.111202,96.58342,80.681572
101.573433,35.546047,30.331036,94.174042,80.624702
101.770126,35.357395,30.427532,92.864189,80.283234
102.671707,35.676651,30.829582,93.254013,80.702942
103.58963,35.923344,30.950203,92.216957,80.453918
103.671593,35.763718,30.652678,92.655014,80.759468
102.311066,35.117962,30.138048,94.368111,80.909424
103.36837,35.763718,30.483822,94.540237,80.86657
102.860207,35.937866,30.507936,94.845291,81.209251
104.499413,36.917397,31.440702,93.421638,81.144958
104.663345,36.699718,31.263802,92.310875,81.209251
104.941971,36.155537,31.1271,92.146591,80.859451
104.671509,35.662144,30.733093,92.874092,81.173531
104.925613,35.800003,31.054726,92.709816,81.05217
105.835373,36.344193,31.730179,92.553345,81.280602
105.892738,36.228092,31.754318,93.757965,81.266365
106.146812,36.380463,31.882969,93.625008,81.451942
105.597664,35.988651,31.593481,94.555885,81.744606
106.007469,36.416737,32.196575,94.993942,81.994438
107.17952,37.02623,33.008713,93.844048,81.830276
107.745049,37.483341,33.298206,92.553345,81.808823
108.146645,37.679249,33.274078,91.505165,81.601822
107.867973,37.82436,33.595711,90.9263,81.480484
107.745049,37.613945,33.643963,91.090569,81.773186
108.646599,38.005749,34.0219,90.871567,82.051567
108.089264,38.020264,33.885204,92.07618,82.694069
108.0401,38.085571,34.062099,92.365578,82.815445
107.671295,37.635715,33.571598,93.452927,82.708344
107.630272,37.831623,33.861076,94.532417,82.951019
108.572861,38.42659,34.608894,93.449532,83.281258
108.744942,38.506405,34.705399,93.410332,83.453209
110.269417,39.108643,35.284359,91.403,83.331322
110.195663,38.919987,34.986832,92.312622,83.546295
110.474289,39.159424,35.0592,91.167809,83.388702
110.80217,39.297279,35.308479,91.238388,83.474625
110.941498,39.398857,35.292389,90.556175,83.209564
110.121895,38.651527,34.512409,91.732361,83.130814
110.941498,39.09412,35.075275,91.850021,83.417351
110.80217,38.80389,34.785816,92.336105,83.481812
110.285812,38.847424,34.882309,92.17144,83.367218
111.507034,39.384354,35.260223,91.434433,83.223961
111.802109,39.558498,35.324566,91.410873,83.095024
111.851242,39.565742,35.179817,90.399368,82.958916
111.490623,39.449654,35.244152,91.536316,83.474625
111.982407,39.776165,35.179817,91.536316,83.589233
112.228233,40.015614,35.533623,92.132233,83.653694
112.416809,39.812439,35.179817,92.947723,83.961716
112.744637,40.182484,35.670322,92.641953,84.226685
112.302048,39.660076,35.64621,92.07737,84.305504
112.883942,40.109932,35.983936,91.210526,84.106384
112.539742,39.739887,35.89547,92.067146,84.135185
112.080719,39.529472,35.276306,91.336258,83.984253
110.441521,38.266964,34.094273,92.444351,83.854919
111.211975,38.738586,34.504375,91.878502,83.818916
112.31842,39.573006,35.228069,90.95903,83.833359
112.752785,39.442398,35.211987,91.139824,83.790184
112.76104,39.34082,34.826008,91.124115,83.624908
114.793633,39.979328,35.774872,89.520851,83.394867
114.6707,39.623783,35.211987,87.26535,82.403053
115.334587,40.001091,35.493423,87.398949,82.223335
115.494263,40.276814,35.453213,87.571854,82.345505
115.947044,40.487236,35.316517,86.526604,82.23056
115.609497,40.008358,34.705399,86.872421,82.180229
115.420227,39.747139,34.76973,87.854759,82.553978
114.58876,39.47142,34.239017,88.137695,82.417427
114.959167,39.747139,34.496326,88.970726,82.482101
116.572647,40.255051,35.099411,88.514923,82.661827
116.210472,40.001091,34.914463,89.151466,83.30146
115.634209,39.72538,34.327461,89.025711,83.143288
115.436638,39.47142,34.287262,89.693733,83.308647
115.914124,39.82695,34.536526,88.177002,83.107384
116.762039,40.291325,35.010952,88.665497,83.321625
116.284523,39.587509,34.809929,87.129028,82.528259
115.13205,38.702309,34.18272,88.326683,82.686951
115.07444,38.470127,34.367672,88.964905,82.82399
113.782021,38.303238,33.861076,91.04512,83.364853
111.8722,37.483341,33.201717,92.077179,83.314346
112.777748,38.005749,33.563564,90.974129,83.227806
114.251236,38.702309,34.423954,90.595947,83.263901
112.89299,37.962223,33.901279,92.06147,83.66053
112.818909,38.237946,33.732418,91.927467,83.66053
114.489983,38.847424,34.118397,91.872391,83.768784
114.10305,38.64426,33.957577,92.140236,83.754288
113.370399,38.412086,33.80479,92.226944,83.812004
113.559769,38.782124,34.037979,92.242699,83.790367
112.604828,38.005749,33.386654,92.912422,83.80484
113.032936,38.310493,33.459015,92.258453,83.653336
114.580544,38.832924,33.764591,91.785706,83.797592
115.379082,39.065109,33.973656,92.337227,83.934616
115.568352,39.224731,34.0219,92.416046,84.057236
115.140282,38.99979,33.949532,92.439651,84.006706
115.856483,39.159424,34.174675,91.960197,83.846855
115.510742,38.854679,34.110348,92.607925,84.121826
114.629936,38.513668,33.853039,92.584198,84.17247
112.777748,37.925949,33.257992,93.310844,84.266487
112.860054,38.201664,33.378616,93.326691,84.411255
112.40731,37.613945,32.847904,93.824295,84.621117
111.740479,37.178596,32.421722,93.887459,84.476341
111.971008,37.352734,32.558426,93.611,84.302681
111.633469,37.120556,32.140282,94.385033,84.555977
110.398697,36.409485,31.40855,95.704079,84.577682
109.764809,35.95237,31.135149,96.091072,84.469162
109.345001,35.596836,30.692883,96.367531,84.51255
107.72332,35.161491,30.274755,98.073555,83.883003
106.801323,34.907532,29.985271,98.097214,83.557358
108.637047,35.676651,30.700924,97.891914,83.651466
108.826393,35.546047,30.379286,96.801926,83.427155
108.884033,35.255821,30.170218,97.473297,83.629745
109.098061,35.023632,30.017433,97.102036,83.644211
108.74408,34.900284,29.872694,97.465401,83.854034
110.061165,35.342892,30.717014,97.165276,83.977097
108.464157,34.508472,30.186291,99.629517,84.049477
108.225479,34.65358,30.314955,100.782661,84.642784
105.50071,33.775642,29.502796,103.175262,85.162727
105.451279,34.058609,29.631458,102.360016,84.516472
106.249771,34.305305,29.711868,100.990829,84.334969
108.637047,35.263069,30.580315,98.97258,84.088066
108.702896,35.313858,30.765265,99.123009,84.262383
109.567276,35.197769,30.499903,99.099243,84.574524
108.176048,34.85675,30.057642,99.550377,84.560028
109.419083,35.43721,30.684845,98.640205,84.313171
108.719391,35.154243,30.572277,99.613686,84.618141
109.871841,35.415451,30.789375,99.487015,84.516472
110.995514,35.916084,31.352259,100.041092,84.865013
111.21067,35.814514,31.416578,100.579292,84.828682
112.286377,36.409485,31.923176,99.265419,84.74881
112.104362,36.619907,31.818636,99.756142,84.785141
109.588837,35.661358,30.653366,100.286407,84.915848
110.432869,35.965782,30.75102,98.948853,84.850487
108.662132,35.163898,30.181406,100.389336,85.068298
109.208237,35.394062,30.441809,99.993553,85.155441
110.192902,35.72818,30.637102,100.151894,85.271645
109.878464,35.802437,30.490629,100.397255,85.402275
112.617348,37.094353,31.841425,99.091301,85.380486
112.956627,37.339367,31.841425,100.113701,85.833649
113.701355,37.680908,32.476143,99.34433,85.90654
113.188301,37.057217,32.134377,99.851982,86.125046
112.112633,36.70826,31.548477,100.779968,86.34362
111.971924,36.626587,31.434553,101.668358,86.401878
110.995514,36.381569,31.084656,101.874565,86.380043
111.012115,36.492943,31.247398,102.00148,86.525757
110.474228,36.129112,30.726608,102.723221,86.96286
112.327736,36.641426,31.320635,102.453545,86.991974
112.062965,36.63401,31.247398,102.929459,87.232368
112.832512,36.737957,31.662403,102.120399,87.232368
113.668236,37.027527,31.581032,102.175949,87.713249
113.966103,37.369072,31.873968,101.914177,87.866203
112.923515,36.492943,31.402,103.159515,87.931816
111.781609,35.743027,30.580139,103.73848,87.647675
110.82177,35.356941,30.449942,104.555458,87.786095
110.846611,35.542568,30.596416,104.825134,87.953667
112.675255,36.626587,31.288088,103.86541,88.092072
114.752197,37.398758,32.166916,101.90625,87.676796
114.752197,37.354218,31.979755,102.667702,87.90258
113.949585,37.12405,31.83329,102.873978,88.354286
113.850258,37.131474,31.890255,102.359673,88.255669
113.064186,36.61174,31.515934,102.939888,88.314095
115.306602,37.859104,32.492416,101.278702,88.102173
115.529991,38.1264,32.695847,101.318436,88.219078
116.109245,38.445671,32.785358,100.014893,87.75869
116.249916,38.423393,32.850456,99.482338,87.510178
116.34922,38.445671,32.988796,99.410843,87.451736
116.53952,38.512489,33.143402,99.911545,87.700195
116.481644,38.326866,32.850456,99.744698,87.517517
116.498138,38.415974,32.842316,98.39344,87.122879
116.630531,38.304592,32.793495,97.010406,86.71357
117.491074,38.779785,33.09457,96.183777,86.457794
117.648315,38.831749,32.931828,96.652725,86.574738
117.656601,38.787209,32.915558,96.85141,86.81588
117.300797,39.009953,32.86673,97.280617,86.962029
117.350449,38.965405,32.882996,98.886246,87.459061
116.390602,38.742657,32.581924,99.299561,87.524811
117.09391,38.683254,32.590054,99.204163,87.619843
117.118729,38.705528,32.256428,99.784416,87.729454
117.002907,38.668415,32.191338,100.02282,87.853676
117.09391,38.549614,32.036728,99.58567,87.670952
116.249916,37.977901,31.662403,100.102325,87.700195
116.804276,38.312023,31.963484,101.517159,88.306801
116.696747,38.118977,31.784472,101.415222,88.097893
116.597466,38.015022,31.62171,100.937294,88.134506
118.963974,38.95797,32.321526,99.256569,87.745926
119.427376,39.544533,33.070156,98.794586,87.929237
118.74884,39.232689,32.647018,99.033554,87.921944
119.079849,39.678185,33.037609,98.412262,87.995216
119.477013,39.938049,33.184082,97.185555,87.819229
121.29734,40.546871,34.079193,96.80323,88.288498
121.835289,40.947834,34.477924,94.230446,87.760567
121.421501,40.732513,34.103615,95.361481,88.061188
121.322243,40.561737,34.119877,95.839424,88.332413
121.388435,40.732513,34.119877,96.468735,88.479141
121.396729,40.472637,33.916451,96.707657,88.405785
121.345978,40.494915,33.997814,96.819145,88.567055
121.162971,40.353848,33.965275,97.575867,88.699104
119.873566,40.071697,33.460762,98.539688,88.875061
119.199699,39.670761,33.306149,99.599083,89.12429
120.322762,40.14595,33.835072,98.890129,89.080307
119.765404,39.35149,33.631653,98.945908,89.278236
120.081535,39.670761,33.965275,99.313103,89.516602
120.206337,39.826683,34.014091,99.177376,89.545982
120.69709,39.663338,33.786255,99.20932,89.604836
121.562256,40.14595,34.136154,97.972099,89.531288
121.570595,40.197914,34.136154,96.70298,89.391548
121.154655,39.96032,33.835072,97.517113,89.626839
119.956757,39.381187,33.582832,97.341499,89.722511
119.191399,39.269817,33.379391,98.027992,89.884308
119.25795,39.522263,33.688599,98.706451,90.178497
118.866966,39.477711,33.582832,98.953934,90.281471
119.856934,39.8638,33.778122,98.730385,90.561028
121.071449,40.524612,34.128021,97.365448,90.502106
121.620491,40.903278,34.396549,96.463455,90.3256
121.304382,40.747349,34.298904,95.872833,90.156456
119.282906,40.197914,33.769978,97.173935,90.318253
119.299576,40.480064,34.09547,96.551331,90.104958
117.644112,39.611359,33.395653,97.932167,90.259438
117.311378,39.633629,33.428211,96.966347,90.016708
117.652451,39.871227,33.794388,96.471504,89.75927
117.585915,39.811821,33.533989,97.892281,90.200554
117.585915,39.782135,33.485168,98.466988,90.480034
118.817093,40.249893,34.030369,97.660774,90.082886
117.760559,39.8638,33.851353,97.588997,89.906418
118.001831,39.767281,34.014091,98.139732,89.950493
118.925209,40.14595,34.282623,97.213852,89.516602
116.229927,39.544533,33.721153,98.977837,89.700409
114.832375,39.188145,33.298,100.446564,89.612175
114.93222,39.202988,33.363106,100.558342,89.391548
115.023705,39.173294,33.485168,100.725937,89.406235
114.62439,38.980251,33.184082,101.061172,89.443016
113.077095,38.57188,32.671429,101.156982,89.626839
112.88578,38.698116,32.785358,100.957443,89.450378
113.443146,38.675831,32.882996,100.869606,89.47979
115.73909,39.514843,33.460762,100.302879,89.75927
115.789024,39.574238,33.395653,99.297119,89.47979
116.005325,39.641056,33.330559,99.24128,89.545982
117.585915,40.494915,33.875755,99.145477,89.582733
117.336342,40.398396,33.875755,99.616447,89.729828
116.737358,40.197914,33.590954,100.007538,89.781342
117.677391,40.48748,33.778122,99.863861,89.766609
118.226433,40.836456,34.022232,99.879822,89.832825
118.251411,40.888432,34.005955,99.608414,89.825478
117.669083,40.940403,33.989689,99.700386,89.925087
117.502701,41.044346,34.087334,100.27623,90.006203
117.710663,41.103748,34.453506,100.228226,90.190643
118.110008,41.18541,34.713909,100.444214,90.175903
118.467682,41.200272,34.819695,99.516464,89.961975
118.517586,41.24482,35.014996,99.956345,90.043068
119.324547,41.482403,35.194004,99.196556,89.711082
119.382736,41.616058,35.299797,98.044861,89.438187
118.650711,41.489834,35.145184,98.116859,89.297958
118.209839,41.63834,35.299797,98.852623,89.364365
119.59903,41.809105,35.389305,97.373039,89.076645
120.930038,42.244465,35.636539,96.381332,88.855301
120.031593,42.394585,35.620163,96.701233,89.20208
120.722076,42.679817,35.833023,96.717247,89.290596
119.626198,42.417107,35.423687,97.772964,89.445557
119.257652,42.304508,35.350018,97.596985,89.38652
118.754982,42.297001,35.456436,97.948097,89.513786
118.595757,42.492161,35.656258,98.276718,89.802368
117.313995,42.04179,35.787289,98.837822,90.002167
119.307907,42.679817,36.319588,97.13047,89.528564
122.365746,43.340363,37.032063,95.832001,89.735771
122.089294,42.92001,36.770008,94.533531,89.247391
122.625488,43.137684,36.843708,94.902214,89.202988
122.290367,42.950039,36.565269,94.942268,89.351006
121.938499,42.709831,36.237694,95.567497,89.432358
122.248505,42.927513,36.393288,95.479294,89.402794
123.220306,43.475468,36.712673,95.214859,89.447189
123.211945,43.565536,36.417858,96.064445,89.609993
123.128128,43.618088,36.573452,95.799942,89.432358
123.211945,43.550518,36.417858,96.240791,89.358398
123.195221,43.340363,36.385105,96.441185,89.358398
123.991058,43.693138,36.58984,95.479294,89.202988
124.267548,43.648113,36.671726,96.216759,89.291801
124.937798,43.670624,36.614399,96.401085,89.291801
125.138809,43.625584,36.417858,96.256866,89.402794
125.172363,43.835762,36.286835,95.920158,89.277
125.876129,44.308636,36.16399,94.605667,88.870018
125.725243,44.090965,35.910126,94.260986,88.796021
126.219551,44.391212,36.311394,93.739983,88.596237
125.725243,44.436241,36.139431,93.579704,88.300217
125.415276,44.271107,36.213127,94.036568,88.366852
126.70546,44.623901,36.450611,92.815483,88.137459
125.281227,43.820744,35.967453,94.004433,88.434364
126.546249,44.023415,36.008392,93.168983,88.256233
126.63842,44.015903,35.967453,93.932114,88.486336
126.470894,43.655613,35.648071,93.723282,88.515991
127.174637,43.933338,35.910126,94.084755,88.709007
127.149521,43.888298,35.893745,94.012482,88.66449
127.358948,44.105976,35.992016,93.779488,88.575401
127.467857,44.211067,36.17218,93.016365,88.367592
127.585167,43.970863,36.1558,93.859833,88.612526
127.434326,43.858276,36.024773,93.586723,88.575401
128.38942,44.376194,36.098484,93.120781,88.553162
126.789207,43.940842,35.779091,93.401978,88.701622
126.018486,43.280308,35.287739,93.948189,88.842613
127.250053,43.903316,35.443329,94.012482,88.902008
124.828842,42.852455,34.968357,95.860123,89.429008
125.683411,43.197739,35.164894,95.305809,89.317703
127.266785,43.745682,35.549797,95.02462,89.287987
127.015488,43.700649,35.386013,95.201363,89.317703
127.434326,43.610573,35.467896,95.719856,89.521729
128.112961,43.798222,35.132137,95.212631,89.454704
129.260712,44.233578,35.557983,94.938934,89.305771
129.436615,44.346172,35.729954,94.077522,89.045174
129.671219,44.473778,35.828232,93.352982,88.754776
130.224121,44.571358,36.139431,92.378914,88.442032
130.718445,44.706474,35.942879,92.467415,88.501625
130.425186,44.481285,35.533424,93.135658,88.680328
130.609528,44.413727,35.197655,93.03904,88.598412
131.304871,44.849079,35.34507,92.757294,88.635635
131.131561,44.939156,35.025677,93.191917,88.754776
130.407852,44.443752,34.632587,93.900444,88.970695
130.104874,44.308636,34.386917,94.536438,89.119652
131.013702,44.578861,34.583466,93.48185,88.859016
129.894547,44.173527,34.231308,94.383438,88.94838
130.937988,44.556351,34.362335,94.455872,88.955811
130.390961,44.000893,34.329582,94.36731,88.955811
131.434448,44.278622,34.820942,94.480087,89.015366
131.434448,44.060947,34.951984,95.285103,89.328117
131.838348,44.271107,35.025677,94.80204,89.275978
131.316635,43.678123,34.648968,95.516121,89.147507
131.964615,44.143509,34.665344,95.128838,89.140045
130.626602,43.925831,34.255886,95.984009,89.49852
131.156754,44.316151,34.157623,97.129684,89.976524
130.567688,44.113491,34.075722,99.090157,90.252876
131.451263,44.286129,34.133049,98.331795,90.335052
131.905685,44.443752,34.4688,98.089745,90.424713
133.521408,45.104286,34.796379,96.742424,90.185707
133.958939,45.457085,34.82914,96.927971,90.245438
133.630859,45.344482,34.296822,98.372108,90.693565
130.534073,44.451263,33.461521,99.227303,90.723473
132.46109,45.081772,34.149422,98.41243,90.559135
130.52565,44.143509,33.608932,99.065994,90.686096
129.709351,44.008392,33.608932,99.307983,90.76825
130.83696,44.361187,34.100292,99.098206,90.902687
131.417633,44.54884,34.264065,99.17083,90.932571
132.77243,45.179352,34.42786,98.823952,91.052055
132.856613,45.569672,34.632587,99.07402,91.089409
133.395172,45.809872,34.943787,98.646423,91.037132
133.159531,45.847401,34.591644,99.550041,91.365746
134.051559,46.432873,34.951984,99.186966,91.373238
134.371277,46.492931,35.451527,99.243439,91.216347
133.193207,46.215202,35.066628,100.262993,91.622398
134.430222,46.357819,35.34507,100.133644,91.622398
135.793427,46.950794,35.639881,97.772812,90.760925
136.138504,46.890755,35.689011,97.530251,90.745934
136.828476,46.965816,35.942879,97.150261,90.678497
137.451263,47.461208,36.221325,97.303833,90.760925
137.064148,47.003338,35.959263,97.053207,90.566116
137.510178,47.055885,35.680813,96.010231,90.094223
137.619507,47.03336,35.353249,95.274452,89.861984
139.041718,47.12344,35.517036,94.239578,89.622322
139.790573,47.326099,35.525227,94.870232,89.936913
139.134247,47.003338,35.402386,95.856644,90.348938
140.480606,47.326099,35.557983,94.643867,89.959389
140.472229,47.588821,35.648071,94.530678,89.854515
140.674194,47.686398,35.574364,95.274452,90.191589
139.630737,47.206001,35.181271,93.859581,89.47998
139.226791,46.53046,34.919212,94.304283,89.569862
139.108963,46.125126,34.616215,94.43367,89.509918
139.942108,46.245228,34.804565,92.040482,88.648468
139.033234,45.802361,34.362335,93.075356,88.611
139.546555,45.982506,34.362335,92.848984,88.723396
137.543777,45.089279,33.739948,92.533669,88.281425
138.301132,45.261921,34.239506,93.024017,88.049225
137.636398,45.427067,33.821846,92.164909,87.703575
135.709335,44.413727,33.215843,93.437309,87.575859
136.937912,44.661438,33.494267,93.380585,87.951546
138.679764,45.261921,33.322304,91.711044,87.605888
138.679764,45.306969,32.871887,91.273415,87.335396
137.249268,44.751503,32.249508,92.359436,87.170113
136.113235,44.698963,32.028389,91.038376,86.869499
138.183319,45.382011,32.708103,92.464775,87.801247
137.316559,44.88662,32.192184,92.245934,87.741142
138.376862,45.532143,32.486988,91.759651,87.613403
139.470856,45.854904,32.626217,91.808327,87.440598
137.543777,44.999207,31.618921,90.860046,86.200722
134.135696,43.347862,30.202175,89.36882,85.013565
134.566299,43.490467,30.636211,87.853279,84.314766
132.865921,42.807411,30.013823,88.217979,83.766266
134.143326,43.35537,30.652592,87.431824,84.044205
135.471436,43.528004,31.135759,87.999191,84.682961
136.266617,43.966064,31.760523,88.898735,85.449348
135.708328,43.881813,31.943043,89.506638,85.396805
136.503525,44.295357,32.042606,89.686951,85.617653
136.376648,44.073277,31.470116,89.630089,85.889
136.435837,44.088593,31.179737,89.362068,85.640274
137.907852,44.295357,30.980602,86.315887,84.554779
138.694504,44.57106,31.022085,87.15255,85.248291
139.69281,44.816128,31.428633,87.241905,85.323692
139.743546,44.94632,31.129948,86.559578,85.074898
141.646988,46.110374,32.656578,87.574974,86.077461
141.706192,45.804035,32.308098,87.501823,85.836235
142.247559,46.087399,32.639984,87.964867,86.38652
141.714615,46.056763,32.772728,88.265396,86.2584
142.0784,46.194607,33.071426,88.427849,86.582504
142.856674,46.500946,32.681469,87.32312,86.356361
143.110504,46.462654,32.590199,88.704048,86.831276
143.389648,46.723026,32.913776,88.833984,87.027252
143.085052,46.822586,33.27055,88.460373,86.891571
142.560547,46.76133,32.93037,87.339401,86.469406
142.907394,46.853218,33.121204,87.306816,86.363922
143.059708,46.562214,33.046532,87.842987,86.454369
142.619812,46.118034,32.631691,87.201302,86.311165
142.619812,46.110374,32.557018,87.168747,86.333755
142.721359,46.21759,32.366192,87.485573,86.341286
144.370941,46.845566,32.955269,85.799873,85.653236
144.616226,47.228474,32.946968,86.744553,86.076645
144.404739,47.128922,32.739548,86.076775,85.751541
143.584152,47.060001,32.324696,86.329201,85.804443
143.118927,46.853218,31.976234,86.972542,85.9935
143.643448,47.274422,32.590199,87.20871,86.174988
143.228851,47.358665,32.656578,87.347153,86.174988
143.059708,47.228474,32.963558,86.75267,86.12957
143.482681,47.534809,33.162689,85.498573,85.517136
142.746658,47.557781,33.27055,85.62886,85.373466
140.750244,47.159546,32.888885,84.472534,84.768578
140.284943,47.243793,32.6068,84.179352,84.345169
139.388275,46.906834,31.992825,83.446434,83.883942
140.073456,46.845566,31.934752,84.089729,84.398087
139.210587,46.29417,31.188036,83.169525,83.891479
140.479523,46.746006,31.694136,84.016472,84.277115
140.953247,47.151897,32.067505,84.928558,84.844193
140.428772,46.807278,31.719027,85.351944,85.018112
138.17009,46.010826,30.988897,86.426941,85.381042
138.660736,45.957203,31.055279,85.726593,85.396149
138.880692,45.88063,31.304192,86.410637,85.479324
138.440735,45.313908,31.544796,86.312927,85.479324
139.066772,46.186951,31.743925,85.095573,85.142517
140.21727,46.600494,32.308098,84.907722,84.83149
140.394958,46.562214,32.689762,83.723785,84.133629
140.462585,46.814938,33.170982,84.140274,84.254974
141.807724,47.458233,34.042156,84.181068,84.474915
142.856674,47.994301,34.299362,83.593155,84.103264
143.305023,48.162777,34.324245,84.336151,84.497711
142.924347,47.887081,33.926006,84.221855,84.437042
143.245819,48.11684,34.150021,84.548454,84.490158
144.074844,48.492081,34.531681,83.985092,84.588768
144.717773,48.522728,34.456997,84.679161,84.816353
146.392761,49.816975,35.900661,85.724228,86.060387
146.14743,49.579563,35.709835,85.218002,85.514214
145.125671,49.21962,34.913326,85.66703,85.590096
144.454071,49.204304,35.037788,86.295769,86.098328
144.114044,49.127728,34.739094,87.226616,86.318283
143.697479,49.181335,34.473587,87.406235,86.583809
144.250061,49.388107,34.614643,86.793831,86.371437
143.587021,49.211967,34.208088,87.006111,86.303139
142.82193,48.859684,33.818138,86.875481,86.113495
143.95256,49.12006,34.490196,86.611908,86.026711
143.816544,49.104755,34.622932,86.742882,86.285477
142.490387,48.783104,34.490196,86.603722,86.331154
143.569977,48.897972,34.938221,86.538223,86.247429
142.328857,48.392529,34.63953,86.89019,86.39962
140.671249,48.017284,34.307659,86.914787,86.384415
140.773209,48.224049,34.564857,86.218925,86.201767
143.808075,49.089424,35.377953,86.358139,86.323532
144.734573,49.349819,35.535603,86.333588,86.437721
145.312653,49.518303,35.743019,85.637711,86.171356
144.258514,49.280891,35.39455,85.580383,86.186562
146.273239,49.648487,35.676647,86.652802,86.825798
147.250839,50.307102,35.900661,87.438744,87.465073
148.245438,50.60577,35.933846,87.626991,87.579262
148.253952,50.682346,35.875778,87.348679,87.350937
149.112488,51.187786,36.224239,88.322838,87.883621
148.398468,50.690018,35.377953,88.666679,87.860794
148.891479,51.042294,35.303288,88.322838,87.76944
149.571564,50.896782,35.469215,88.650284,87.761871
149.80957,50.812538,35.676647,88.34742,87.845566
150.608673,50.919762,35.792809,88.462036,87.967361
149.860565,50.735966,35.593681,87.929909,87.792336
149.435562,50.452606,35.228615,88.118225,87.670547
149.792587,50.207535,35.245213,87.164406,87.433823
150.319626,50.452606,35.46093,87.246475,87.456779
149.843613,50.016075,34.747395,86.204002,87.082619
150.608673,50.452606,34.855251,86.245071,87.181892
148.704468,49.656143,34.224682,86.975586,87.357506
150.710663,49.947163,34.150021,84.882446,86.50235
150.73613,50.054371,33.975788,84.562347,86.357285
150.430145,49.885883,33.793255,84.956337,86.418335
151.637238,50.046715,33.85133,85.268219,86.616867
152.393814,50.276466,34.398922,85.793594,87.090271
153.056931,50.682346,35.054379,85.965958,87.090271
152.521362,50.682346,35.369663,86.483078,87.479675
152.189789,50.552162,35.153942,85.826416,87.174225
151.71376,50.19989,34.672722,84.365326,86.800087
152.937912,50.513863,34.63953,84.504852,86.968124
153.702911,50.65937,34.888435,85.292862,87.273521
153.549927,50.50621,34.440414,85.539131,87.426224
153.592422,50.50621,34.556568,85.859245,87.601837
153.966476,50.62875,34.780582,85.711487,87.617134
153.864456,50.728302,35.137348,85.736092,87.548386
153.46492,50.353054,34.398922,85.069252,87.133209
152.801865,50.000763,34.282768,85.382156,87.355316
152.784882,49.732735,34.241283,84.567078,87.071899
152.113327,49.449368,34.042156,84.328308,86.880409
153.813461,50.062038,34.797169,84.73172,87.064262
154.204498,50.008423,34.846958,84.929314,87.194466
153.651932,49.924183,34.863544,85.538528,87.546837
151.926254,49.457031,34.091942,84.879967,87.301704
151.424744,49.097095,33.892811,84.558838,87.156158
151.407761,49.066456,33.975788,84.970467,87.393669
152.351288,49.418732,34.199791,84.657669,87.462578
151.866745,49.204304,33.901104,85.036346,87.723045
154.459518,49.978302,34.575882,84.608261,87.723045
154.281021,49.978302,33.939629,84.525917,87.592834
155.178452,50.264122,33.889393,85.82666,87.998825
156.007446,50.781666,34.140545,85.340973,87.860931
156.349396,50.882095,34.341469,84.657669,87.837929
157.144226,51.160175,34.048454,84.331383,87.774933
157.135681,51.422817,34.575882,84.091858,87.698097
157.110062,51.639114,34.726582,84.670059,87.959328
157.853607,51.832218,34.994469,84.133148,87.736519
156.340805,50.912987,33.646606,84.389175,87.905548
156.31517,50.967068,33.588001,84.389175,88.036179
155.862167,50.905273,33.269875,84.744408,88.228271
156.819397,51.191082,33.412193,84.959114,88.159073
156.853622,51.175636,33.303352,84.727867,87.7826
156.956177,51.137005,33.127552,85.223396,87.982376
157.383545,51.608204,33.713577,86.239395,88.458771
155.289536,51.160175,33.311733,86.668869,88.627785
156.981873,51.569588,33.671726,86.272385,88.366562
157.827988,51.785873,33.663345,86.181526,88.389595
157.622849,51.762707,33.479172,86.759727,88.597031
156.956177,51.608204,33.311733,87.123138,88.69693
157.417755,51.855396,33.261494,87.189209,88.573997
157.520294,51.855396,33.705208,86.974487,88.358864
156.229706,51.507793,32.876389,88.205162,88.69693
152.896408,50.094189,32.014088,88.775093,88.635452
152.144272,49.862453,31.888512,88.155647,88.466507
153.050247,50.295029,32.089439,88.370346,88.896729
151.580154,49.731121,31.628977,89.097183,89.073433
153.186996,49.986042,31.921995,88.841187,89.119514
152.289551,49.136326,31.972223,89.43586,89.388428
148.862213,48.132126,31.068066,90.525635,89.964851
149.904907,48.688301,31.695953,89.565033,89.533295
149.716904,48.788708,31.578756,88.736977,89.248199
151.691299,49.653889,32.240135,88.356049,89.163406
153.571579,50.302757,32.424313,88.430573,89.440834
153.853607,50.132801,32.06432,88.678978,89.479416
155.537384,50.928444,32.759182,88.165565,89.294464
155.614334,51.013416,32.767555,87.710167,89.024712
156.41774,51.167908,32.801044,88.207001,89.3946
157.281021,51.361027,33.202892,88.256668,89.564163
157.469086,51.801327,32.893127,88.455383,89.74913
156.426315,51.45372,32.667091,88.082809,89.648926
157.349335,51.631374,32.784306,87.867508,89.533295
157.169876,51.731808,33.010345,88.331207,89.625816
158.041641,52.179832,33.010345,88.107613,89.672035
157.981796,52.05624,32.63361,88.894287,90.018806
157.990387,51.878578,32.65873,89.366302,90.311684
158.819412,52.05624,33.27824,89.854828,90.465759
159.2211,52.148941,33.052204,89.904549,90.411865
158.101532,51.044312,32.466167,90.5047,90.648369
160.323654,52.05624,33.018711,89.143349,90.161423
160.469009,52.009895,33.043827,89.33432,90.115059
160.836533,52.55061,33.51265,88.454407,89.844559
160.904877,52.264805,33.08569,87.898224,89.51989
160.819366,51.940369,32.85965,88.022743,89.380798
160.024536,51.561867,32.491287,88.255157,89.411713
160.067307,51.368748,32.558262,88.869392,89.728638
158.272415,50.410896,31.972223,90.064774,90.045486
157.827988,50.302757,32.148041,90.081352,89.945023
159.255295,50.936169,32.541515,89.408974,89.829056
160.392075,51.252872,32.993595,89.732719,90.1073
159.53743,50.62719,32.290367,89.035416,89.458069
160.469009,50.434063,32.432678,88.877739,89.581764
159.846619,50.333649,32.63361,89.840675,89.8909
159.185623,50.464966,32.95174,90.47982,90.060944
159.940994,51.013416,33.328472,90.139481,90.091888
158.79068,51.005688,33.40382,90.845062,90.439697
158.455856,51.260597,33.839161,91.301582,90.462891
159.237122,51.646835,34.107059,90.786926,90.393333
160.541931,51.909462,34.333111,90.562843,90.385574
161.606476,52.241631,34.734951,89.788857,90.160789
162.147263,52.342045,34.801929,89.272865,90.036781
161.932648,52.195278,34.667969,89.664017,90.207298
160.01828,52.033066,34.575882,90.263176,90.563843
158.249847,51.785873,34.726582,90.804146,90.78093
158.902283,51.754971,35.128422,91.020546,91.021248
160.610672,52.419296,35.396324,90.571144,91.09874
157.236862,51.492344,35.019592,91.411697,91.222755
155.820374,51.183357,35.019592,92.152367,91.284752
157.048004,51.476894,34.944244,91.910995,91.346779
158.129669,51.260597,34.416821,92.48526,91.54055
159.786575,51.894024,34.852158,92.601784,91.579407
160.009735,52.164379,35.170284,91.586426,91.052223
160.567734,52.23391,34.952614,91.51152,91.176208
161.297394,52.450191,34.860531,91.819496,91.222755
160.919662,52.326591,34.609371,92.343781,91.424294
161.245911,52.318878,34.64286,92.518547,91.439819
159.923874,52.063961,34.17403,92.651695,91.424294
160.430344,52.226177,34.341469,92.202286,91.315819
161.177246,52.566055,34.667969,92.077477,91.331284
161.657974,52.774635,34.601002,92.460304,91.587105
161.67514,52.921398,34.64286,93.452194,91.971161
161.44339,52.836426,34.835407,94.027885,92.165512
161.752396,52.797798,34.64286,93.460556,91.932304
160.344528,52.705116,34.801929,93.835945,92.087791
161.288864,52.766907,34.986107,93.502251,92.103287
161.117096,52.774635,34.902378,93.101837,92.126625
161.357483,52.697392,34.843792,92.801491,92.025543
162.928482,53.044991,35.429821,92.426064,91.792328
163.074448,53.122238,35.56377,93.226952,92.134392
162.301819,53.021816,35.814919,94.236389,92.593132
160.87674,52.79007,35.480049,94.987267,92.756348
161.434799,52.905937,35.948868,94.720299,92.647514
162.027115,52.797798,35.948868,94.019485,92.562004
161.005508,52.465645,35.655857,94.22805,92.562004
162.361908,52.875042,35.932129,93.652435,92.39093
162.756775,52.944569,36.183285,93.518974,92.359848
163.409241,53.083618,36.116318,94.019485,92.46096
164.413651,53.462105,35.806549,94.570099,92.787453
164.293472,53.284451,36.01585,95.738037,93.230598
165.143372,53.608891,36.116318,95.229149,92.958488
165.409454,53.616615,35.622372,95.187439,92.974068
165.598358,53.724766,35.731213,94.479836,92.457924
165.512512,53.593441,35.932129,93.317245,92.036911
165.84729,53.577991,35.731213,93.292152,91.990112
166.92894,53.948761,36.107941,93.333992,92.185066
167.727325,54.242306,36.467934,93.333992,92.379951
167.899063,54.188236,36.601891,93.20015,92.192856
167.916199,54.072372,36.794441,92.857246,92.021339
167.332413,53.801991,36.668858,93.024529,92.09153
166.147736,53.817459,36.493038,93.852524,92.387794
166.654266,53.856068,36.509789,93.802353,92.372169
166.79158,53.871517,36.342358,94.036514,92.364349
167.255188,53.832912,36.350731,93.292152,92.052528
168.482819,54.296379,36.752575,94.011497,92.582649
168.671631,54.589905,36.543278,92.807053,92.255203
169.014069,54.497227,36.467934,93.509651,92.43457
168.962311,54.350464,36.39259,93.216888,92.42675
167.944473,54.010563,36.375839,94.162041,92.816536
168.703568,53.991577,36.452625,94.404564,92.910133
168.582794,54.031136,36.49482,94.856224,93.081635
168.910553,54.062805,36.579201,94.71402,93.066048
168.824295,54.110291,36.477947,94.948219,92.980286
169.954285,54.585148,36.823902,94.153252,92.620644
170.126831,54.672207,37.043293,93.147041,92.292297
170.963531,54.783012,37.262684,92.811569,92.198486
170.368347,54.355633,37.237373,93.490814,92.362671
169.272888,53.785797,37.068604,94.539017,92.70665
170.031952,53.959911,37.279556,94.614479,92.855202
169.359085,53.366344,37.077053,94.639656,92.784874
169.592026,53.397987,37.034863,95.243393,93.074112
170.445938,53.793716,37.321758,94.832504,92.87867
170.126831,53.65918,37.29644,94.639656,92.777023
170.756485,53.991577,37.389259,95.142784,92.995918
168.815643,53.303032,36.688889,96.341911,93.347771
170.540878,53.722473,37.262684,96.031639,93.22261
170.221649,53.524624,37.389259,96.509659,93.22261
170.963531,53.762054,37.735218,96.710861,93.293007
171.343063,53.872852,37.76897,96.585075,93.402466
171.351685,53.999493,37.937733,95.863953,93.035034
170.5495,53.777885,37.785847,96.995995,93.394653
170.6185,53.785797,38.047432,96.861824,93.28521
169.8853,53.674999,37.819599,97.214012,93.371201
169.911163,53.595856,37.633965,95.863953,92.941193
166.555679,52.70153,36.975784,95.578842,92.683197
166.046814,52.337479,37.178303,96.318672,93.16069
167.245758,52.582829,37.524265,96.06646,93.184204
165.624146,51.91011,36.950478,96.377548,93.278267
165.675919,51.78347,36.697323,96.436432,93.11367
164.778824,51.364017,36.553886,97.33606,93.356712
166.68512,51.664757,36.882965,97.12587,93.333183
167.168152,51.862614,37.355507,97.117424,93.372391
166.935242,51.823044,37.397694,96.486862,93.325348
168.065247,52.115871,37.60022,97.117424,93.513481
168.858795,52.392879,37.659275,97.899338,93.615456
168.824295,52.337479,37.558018,98.967117,93.944771
170.238937,52.677795,37.92086,97.983459,93.733063
171.127441,52.804417,38.098061,97.680756,93.670334
171.584564,52.638226,38.022114,97.520996,93.458611
172.0849,52.859825,37.861786,98.067566,93.780098
171.817444,52.60656,37.760529,98.614059,93.897705
172.68866,52.946896,38.03899,98.983978,94.046669
172.800842,52.954803,38.266815,98.664467,94.10936
172.731796,53.05769,38.460884,99.505249,94.266212
172.636932,52.820255,38.081177,100.026505,94.470039
173.128647,52.796505,38.022114,100.093765,94.540642
173.042328,52.899399,37.963051,98.367073,94.090866
172.947449,53.27137,38.460884,98.914856,94.216675
172.697281,53.018112,38.359634,97.709824,93.548386
173.473633,53.02602,38.688732,97.524406,93.56411
173.025101,52.464115,38.23307,97.566521,93.40686
171.929581,52.313732,37.760529,97.490707,93.155235
172.576508,52.614483,37.60022,96.875542,93.005844
172.774948,52.321648,37.347065,96.555321,92.935104
171.765686,52.250416,36.950478,95.54409,92.486946
171.636307,52.139618,36.764832,95.68734,92.51049
172.930206,52.361225,37.245808,95.299698,92.49482
173.163101,51.989243,36.899849,95.055359,92.243172
174.08609,52.392879,36.950478,95.358688,92.408295
173.929169,52.21085,36.67202,96.572144,92.769974
172.585953,51.981339,36.115105,96.69017,92.856453
171.598022,51.546036,35.91259,97.288467,93.005844
172.941269,51.807213,36.427311,96.749138,92.785721
170.150742,51.047443,35.634132,97.89518,93.06086
171.502686,51.261127,35.794449,97.751961,92.856453
171.190659,50.786266,35.068779,98.53566,92.817154
170.740067,50.746704,35.068779,97.979462,92.950775
168.426224,50.14521,34.351536,99.879417,93.514587
168.452209,49.607033,34.53717,99.009254,93.506706
170.306732,49.607033,34.8325,99.431656,93.774773
170.107422,49.923607,35.288166,99.490768,93.822136
167.481613,49.076771,34.975956,100.833977,94.16114
170.410797,49.852375,35.499115,100.859344,94.642136
167.03093,48.514858,34.9422,100.420059,94.247849
165.124435,47.786743,34.182774,101.416855,94.326721
162.411926,47.723419,34.52874,102.033592,94.571152
162.663269,47.842129,34.731255,102.700981,94.784058
161.562622,47.55722,34.292461,103.511978,94.855003
161.424026,47.114021,33.980259,102.853058,94.642136
163.330521,47.992504,34.359982,102.278603,94.602676
164.916428,48.293255,34.461227,102.650291,94.776154
168.183578,48.870995,34.604691,101.830849,94.720947
166.987686,48.514858,34.37685,101.940704,94.563255
168.928848,48.981804,34.368416,101.03672,94.381882
170.22879,49.250881,34.613117,101.138138,94.421356
169.994797,48.973885,34.343098,101.323936,94.539604
171.944672,49.717838,35.035015,100.690369,94.224197
171.684662,49.337952,35.085655,100.918472,94.050751
172.785248,49.694092,35.414742,101.002953,94.113838
174.761185,50.612156,35.566628,100.741081,94.098091
174.856522,50.176861,35.271282,100.741043,93.912247
174.249893,49.891945,35.305035,101.05442,94.046654
175.350464,49.986919,34.992828,100.9104,93.872719
176.052444,49.717838,34.562489,100.2584,93.588036
176.217072,49.741577,34.781872,101.410088,94.18103
176.771683,49.963184,34.874702,100.478539,93.706657
176.945023,50.263924,34.84095,100.54631,93.698769
176.754364,49.836548,34.773441,100.461609,93.690857
176.953659,50.073978,34.68063,100.69873,93.588036
176.997025,50.14521,34.967518,101.189896,93.706657
177.109634,49.947357,34.596241,100.935867,93.485275
178.132278,50.493431,34.781872,101.215309,93.564369
177.846298,50.343071,34.765003,100.571724,93.06617
178.158279,50.042316,34.705944,101.096741,93.422005
179.111542,50.477615,35.811321,101.706467,93.825272
179.614212,50.770443,35.515995,101.791176,93.975517
179.484131,50.857498,35.288166,102.638062,94.378777
179.943481,51.055359,35.735386,102.917458,94.702965
179.56218,50.643818,35.018143,103.730476,94.956017
178.31427,50.596321,34.419041,103.12529,94.62693
179.466858,50.738781,34.410603,102.123741,93.992584
180.160141,50.675468,34.503429,102.522636,94.08773
179.960831,50.509281,34.562489,103.37989,94.238403
180.255463,50.620071,34.494987,102.777275,93.849823
179.050903,50.176861,33.988701,104.03344,94.293854
178.929596,49.90778,33.668049,104.568169,94.373177
176.061066,49.274624,33.170204,105.332092,94.341454
176.953659,49.211315,32.891747,105.764923,94.246323
174.093857,48.261597,32.351707,107.199348,94.396965
172.897888,47.46225,31.887611,106.978683,94.618988
171.511414,47.802567,31.836988,108.302757,94.587273
174.87381,48.373978,32.568821,107.326691,94.611038
179.198242,49.237091,33.013916,105.416954,94.706245
179.960693,49.309013,33.245022,106.834419,94.658638
180.788483,49.548759,33.70723,106.978683,94.959877
181.032501,49.388924,33.399086,104.856789,94.238403
181.049942,49.61269,33.47612,105.427483,94.542099
181.633759,49.740562,33.741467,105.818787,94.613655
181.877747,49.380932,33.536037,106.609734,94.796555
180.901825,48.9254,33.604519,106.898941,94.876038
179.106674,48.621723,33.630184,107.103104,94.939621
179.01088,48.413933,33.185093,108.293892,95.27356
175.77803,47.271111,32.594494,109.995064,95.663139
174.122314,46.735676,32.457542,111.976852,96.052734
176.292114,47.255135,33.159416,111.755684,96.179947
179.420456,47.89447,33.724342,110.275703,95.869896
177.982666,47.662712,33.613071,111.483551,96.124306
176.588379,47.550835,33.339169,112.121437,96.307144
176.091675,47.790573,33.630184,112.121437,96.39463
175.028564,47.65472,33.441883,112.971985,96.561569
173.425201,47.958405,33.518925,114.749672,97.062447
175.699554,48.581764,33.801392,113.286697,96.521812
176.074219,48.749588,33.750027,114.792244,96.744446
176.963089,49.133198,34.494698,113.465355,96.704727
179.594711,49.316998,35.153782,113.057098,96.657013
178.610016,49.037289,34.888432,114.6306,97.221458
179.028305,49.708603,34.905552,114.281891,97.197647
176.666824,49.780525,34.717247,114.460487,97.269196
174.401169,49.037289,34.340626,116.331711,97.9291
176.01329,49.708603,34.340626,115.5662,97.698563
173.799973,48.9254,33.399086,117.61602,98.501564
175.95224,49.5168,33.998257,117.172043,98.593231
178.496719,50.307976,34.640221,114.691887,97.795975
177.817032,49.892406,34.469021,114.887932,97.931526
179.612061,50.579693,34.674446,113.626526,97.620613
179.115402,49.948349,34.083847,111.615143,96.600197
178.313751,49.708603,34.032486,111.436157,96.663918
180.213379,50.164116,33.946892,110.549835,96.400871
180.317917,49.892406,33.698666,110.754333,96.464638
182.052032,50.667603,34.41766,110.387848,96.711807
182.801437,51.003265,34.811398,109.254349,96.329117
183.088989,51.123138,34.734367,107.609413,95.88269
183.10643,51.426819,34.725807,108.248642,96.225494
182.975723,51.490757,34.580296,107.532684,96.209557
184.0737,51.970261,34.811398,107.848053,96.353035
184.047546,51.786446,34.460461,109.083885,96.679916
184.570374,52.106117,34.956905,110.515739,97.309715
184.413544,52.14608,34.888432,110.992989,97.397354
184.195679,52.00222,34.896996,109.475952,96.871223
183.568207,52.026196,34.871315,110.3964,97.102463
184.727219,52.106117,34.819962,108.34008,96.260696
183.969116,51.786446,34.554619,107.947281,96.204674
183.193558,51.578663,34.178001,107.981453,96.140816
183.393982,51.698536,34.12664,107.844788,96.268684
180.814713,50.995266,33.604519,105.462288,95.245499
181.564041,51.075184,33.47612,106.435768,95.629196
178.618713,49.964336,32.731445,107.836258,95.78109
178.2005,50.092197,32.97966,108.621887,96.268684
180.46611,50.715553,33.185093,108.545052,96.172752
179.359421,50.419861,32.782806,108.211983,95.90097
181.755783,50.987267,33.176537,109.25383,95.99688
181.215485,50.859409,33.561722,110.158989,96.156792
183.393982,51.946285,34.383427,112.285332,97.33989
182.55748,51.338902,33.801392,111.713196,96.844223
184.168854,52.473736,34.306389,112.302399,97.11602
183.809998,52.737461,34.4091,112.165749,97.33989
182.77713,52.62558,34.546062,113.250275,97.483704
180.098801,52.377842,33.998257,112.293808,97.163986
179.669876,51.922306,33.681549,110.543274,96.564445
180.081284,52.058167,33.775703,111.918076,96.948151
182.278244,52.09013,34.426231,111.363037,97.11602
180.685257,51.282963,34.349186,111.602158,97.291893
180.046249,51.650585,34.777161,113.068047,97.571617
180.69397,52.098125,35.29929,111.86998,97.411293
181.910645,52.62558,35.752941,111.245316,97.539566
181.429199,52.553658,35.573196,112.17804,97.892258
182.041901,52.777431,36.31786,112.212326,97.860161
182.847183,52.849346,36.677368,110.757545,97.363228
183.844971,52.953247,36.703056,110.920143,97.499458
183.013519,52.61758,36.489059,111.074142,97.467453
183.363586,53.00919,36.651688,111.861443,97.691818
184.186325,53.248932,36.908466,111.767319,97.755981
184.13385,53.392788,37.199497,111.211121,97.699867
182.015594,52.721481,36.548973,112.486115,97.964401
183.678665,52.777431,36.514736,111.493469,97.731926
183.459869,53.248932,36.728725,110.988602,97.707863
184.36145,53.352829,37.122456,109.294258,97.074669
184.825302,53.55262,37.396366,109.764885,97.323135
185.254227,53.8643,37.533321,110.449471,97.5075
184.483932,54.128033,37.678833,110.449471,97.435356
185.070404,54.191963,37.738743,108.9263,96.858238
184.308899,53.720448,37.267971,107.591347,96.056686
182.462082,53.153042,36.703056,107.779579,96.136864
184.440216,53.744423,36.925598,106.328728,95.606377
184.965378,53.688477,37.139587,105.325447,95.300949
182.847183,52.889309,36.737282,105.179703,95.140205
182.094391,53.025166,36.283623,103.378929,94.730286
182.820892,52.849346,36.232269,104.768074,95.108063
185.227951,54.072079,36.694481,105.051094,95.654594
184.343903,53.600571,36.343544,102.495735,94.690117
183.79245,53.568596,36.223717,102.761566,94.553482
183.827499,53.968197,36.292179,101.938385,94.46505
185.744354,54.615517,36.651688,102.212769,94.786537
185.945709,54.679455,36.934151,104.262154,95.445602
186.523392,54.49564,36.557526,102.512863,94.714233
186.462128,54.287849,36.617447,101.603943,94.207863
186.330795,54.391758,36.591763,101.775429,94.320366
186.87352,54.679455,36.463379,103.198853,94.770485
186.427032,54.32782,36.58321,103.241737,94.706161
184.422699,53.352829,36.001167,105.008171,95.12413
186.173218,53.872295,36.009724,105.248291,95.220573
185.963196,53.776382,35.538948,104.991043,95.01963
184.807846,53.256927,35.196575,105.222565,95.059792
185.184235,53.113075,35.059624,104.091644,94.527084
185.000366,53.360821,35.196575,102.639389,94.043457
185.49054,53.656509,35.016827,100.989441,93.439003
183.923767,53.081104,34.486137,102.304253,93.922531
183.608673,52.44976,34.332066,101.058212,93.447021
182.479553,52.377842,34.323513,100.946503,93.382576
182.453293,52.09013,34.118088,100.147362,92.963455
184.641525,53.185001,34.614525,99.27076,92.713539
185.236725,53.328861,34.44334,101.35894,93.535713
183.818741,52.905285,34.44334,101.35894,93.374489
183.030975,52.585621,34.058167,101.52224,93.35836
184.028778,52.569633,34.066727,102.321434,93.592087
184.326401,52.44976,34.272163,101.530838,93.584061
186.243286,52.921276,34.588852,101.032425,93.41481
185.416473,52.793404,34.289268,102.330032,93.914474
186.366409,53.792374,34.785713,100.241798,93.172974
186.498322,53.936218,35.128101,99.640289,92.963455
185.143906,53.472713,34.879871,100.499634,93.221321
184.580978,53.449131,34.760006,100.147362,93.068184
184.545792,53.424747,34.432331,99.021545,92.641029
180.675751,51.783165,33.664871,101.642548,93.447021
181.054001,51.596256,34.165009,100.937912,93.269737
182.50528,51.929443,34.139145,99.575417,92.97065
182.338074,51.994465,34.302982,99.902725,93.326294
181.819183,50.946117,33.34581,101.754364,93.698135
182.96257,50.962372,32.845676,102.710327,94.08609
179.89296,49.775875,31.716028,103.597435,94.215424
180.218414,50.596672,32.328278,101.556229,93.593048
182.48764,52.254513,33.147472,99.945747,92.994911
184.50177,52.449554,33.371689,99.635727,92.792816
185.302185,52.888393,33.432041,99.962982,92.873642
185.240585,52.693352,33.052631,101.022339,93.116135
186.727005,53.148441,33.466541,101.719879,93.261627
186.885361,53.059055,33.423424,102.245239,93.326294
186.982132,53.197208,33.207848,101.814644,93.10804
186.243286,53.042797,33.216465,102.365791,93.302063
185.909027,52.636467,32.742195,103.003136,93.423279
184.862381,52.498314,32.42313,104.286377,93.698135
182.944977,51.921326,31.957479,104.544731,93.657715
181.880676,51.539368,31.353859,105.104507,93.665749
184.114807,52.189499,31.672909,104.338058,93.593048
185.381302,52.376415,31.983347,103.950478,93.512184
185.425308,52.335789,31.664291,104.751411,93.560699
185.143906,52.644596,32.00922,105.526543,94.045685
184.519318,52.506439,31.474585,106.637344,94.264565
184.158783,52.547077,31.586685,105.791466,93.786316
184.765656,52.823376,31.595306,104.997459,93.421509
183.252792,52.603962,31.319365,105.929619,93.599846
182.901001,52.506439,31.30212,107.319206,93.92411
185.205429,53.148441,31.828127,105.989998,93.551208
183.534286,52.335789,31.129652,107.673103,93.940315
183.754089,51.961948,30.646761,107.086151,93.794403
183.525482,51.929443,30.595024,106.740929,93.470131
184.193909,52.010708,30.638134,106.991241,93.559326
185.223022,51.913193,30.301826,107.474609,93.859283
184.686478,51.523109,29.974146,106.628746,93.502563
183.226471,51.068012,29.603357,107.681702,93.956543
179.400436,49.832767,29.137703,108.769241,94.013283
174.000015,48.69503,28.240894,109.097244,94.037575
166.673416,47.01281,27.007784,109.062706,93.778183
164.712067,47.459774,27.352707,107.310577,93.299927
171.03595,48.581253,28.258139,105.239113,93.243217
175.266525,49.174507,29.508503,105.299538,93.332336
175.275345,49.101364,29.129084,105.610283,93.502563
173.859283,48.735668,29.18082,104.798943,93.267509
168.669968,47.102203,28.051184,105.554077,93.832527
171.871536,47.801102,28.456474,104.645836,93.694305
171.994659,47.914864,28.568579,105.156181,94.141434
169.39119,46.817768,27.71488,106.11628,94.352814
173.648239,48.191177,28.594444,104.550652,93.913834
171.326202,47.99614,28.447851,105.052376,94.117065
172.258545,48.313076,28.741043,104.343071,93.930061
173.041336,48.304947,28.853138,105.000473,93.99511
172.399292,47.939251,28.810024,105.16481,93.987007
174.554169,48.264313,29.085964,103.149399,93.279678
176.06694,49.003841,29.793066,102.760155,93.450409
175.671158,49.028225,29.724079,104.014366,94.222733
172.800446,47.801102,29.172199,105.614601,94.507263
173.69342,47.776726,29.120459,103.893288,94.027641
171.438904,46.638973,28.577196,105.337807,94.434113
171.164795,46.419563,28.120173,105.329163,94.37719
170.545929,46.289539,27.999451,106.047112,94.393478
170.50174,46.695869,27.939087,105.130234,94.10891
166.222626,45.777554,27.344086,106.929375,94.27153
166.31987,45.712543,27.473431,107.232117,94.393478
169.42308,46.582092,28.266764,106.860222,94.37719
169.865204,46.728371,28.421982,107.316124,94.35598
172.402588,47.524784,29.18082,107.966171,94.771866
175.470474,48.467487,29.810314,106.501343,94.519058
174.869247,48.524364,29.758568,106.960724,94.706581
176.301514,49.133877,30.551908,106.605316,95.040901
177.892944,49.523945,30.879583,105.712555,94.665825
177.999054,49.613338,30.991686,105.989937,94.706581
178.167007,49.515827,30.758856,106.796013,95.089783
177.044189,48.890068,30.258713,106.978088,95.016403
176.195404,48.987591,30.491545,107.914192,95.391449
178.900848,49.824631,31.233135,107.385452,95.350685
179.714218,49.784004,31.258997,107.42012,95.383301
179.802628,49.613338,30.939949,107.125427,95.375114
179.572708,49.410175,30.931326,106.466682,95.195808
178.458771,49.385803,30.482916,107.524139,95.668648
181.473618,49.938412,31.112411,107.706139,95.872505
183.462845,50.434143,31.293497,106.787369,95.521919
183.011993,50.247223,31.008934,107.498146,95.693092
182.658356,49.80838,30.655376,107.766823,95.717598
184.736008,50.133453,30.301826,107.333458,95.342552
184.629898,49.76775,30.017271,105.625877,94.673996
183.834213,49.662098,30.069014,106.423325,94.918571
186.009125,50.133453,30.664001,105.934258,94.510567
186.548431,50.117195,31.069292,105.065598,94.518723
185.98259,49.840893,30.819223,105.187202,94.412483
185.796936,49.751499,30.87096,104.909241,94.436974
185.699677,49.523945,30.439802,103.371696,93.823753
183.966858,49.011978,29.680964,102.789726,93.668411
184.39119,48.979458,29.551615,103.093719,93.905533
183.666214,49.231392,29.611984,102.876556,93.897324
181.102295,48.589386,29.327412,103.371696,93.864639
179.068787,48.183048,28.922123,103.962379,94.142632
181.79187,48.792549,29.482632,103.866844,94.158989
181.659256,48.922581,29.396399,104.040565,94.257118
184.541443,49.369545,29.715458,104.257751,94.281654
184.382385,49.621471,29.982773,104.952667,94.559616
185.054276,49.507698,30.284588,104.631256,94.543282
184.842087,49.198887,30.000021,104.952667,94.576004
185.08963,49.207001,30.155239,104.944008,94.608688
185.06311,49.320786,29.922411,105.187202,94.698608
185.275299,49.328907,29.267048,105.083,94.731346
184.506134,49.28828,29.310171,105.499954,94.772217
186.265533,49.80838,29.534369,106.924988,95.484718
184.36467,49.280148,29.18082,106.959793,95.255203
181.783035,49.044479,29.016979,104.052261,93.992416
185.328354,49.442684,29.215313,104.966278,94.500809
184.20549,49.12574,28.732418,105.984833,94.66478
182.967773,48.402477,28.413359,106.037033,94.541801
181.544342,48.183048,28.180529,105.923866,94.517197
182.012939,48.191177,27.990822,106.063171,94.295822
178.485321,47.272861,27.20611,107.734535,94.459808
179.3871,47.346008,27.645895,106.341736,93.762871
181.270279,47.581676,28.068426,105.714958,93.771034
183.922638,48.540619,28.62031,105.488617,93.754654
181.119949,47.922993,28.249517,106.681221,93.861214
177.893311,47.419136,28.154665,107.273201,93.861214
179.360764,47.638847,28.374481,107.247063,93.926811
180.988373,47.999565,28.602169,106.47229,93.803802
183.229599,48.802975,29.005018,105.671417,93.885826
182.927185,48.720997,28.899931,106.276855,94.191711
182.509171,48.60622,28.698505,106.590836,94.076607
184.456909,49.089901,28.724775,104.820053,93.591431
183.149551,48.794777,28.278143,104.715324,93.591431
181.317413,48.138939,28.190567,105.186394,93.747673
178.7827,47.401112,27.419903,105.945381,93.698349
179.085083,47.32732,27.481207,105.517876,93.747673
176.82605,46.548512,26.955751,106.939819,94.117691
172.583725,45.581142,26.123783,107.131699,94.191711
170.689331,45.031868,25.843544,107.611504,94.265739
170.858322,45.220428,25.834784,106.433838,93.961479
172.236801,45.433575,25.887329,107.969154,94.175247
167.941162,44.728539,25.615849,109.033386,94.463074
170.698242,45.302402,25.948635,108.012764,93.994339
167.034027,43.662792,24.924002,109.696381,93.854591
167.256363,44.064495,25.291815,109.356163,93.435219
165.112946,43.064339,24.740093,110.507675,93.575027
166.037888,43.38406,24.836424,109.757446,93.30368
169.444229,44.66296,25.685909,109.338699,93.361176
166.882797,44.064495,25.24803,109.931923,93.262535
169.159622,44.851513,25.615849,109.984261,93.525673
167.318619,44.56459,25.528273,109.958084,93.270767
168.190201,44.695755,25.931122,110.115135,93.37764
172.290222,45.482761,26.771843,111.04847,93.862808
172.227951,45.433575,26.517878,110.708488,93.563423
169.124023,44.37603,25.659634,112.762421,93.736633
170.137955,44.744946,26.386513,111.827232,93.50573
170.40477,44.802334,26.587934,112.369118,93.546944
167.158524,44.113697,26.281422,112.500198,93.530441
164.908386,43.293884,25.922359,114.921204,94.017014
164.917282,42.7938,25.563303,115.043526,93.695374
164.774994,42.744617,25.668392,116.057335,93.81086
162.631592,42.121567,25.239273,116.870155,94.124268
165.984528,42.85939,25.677145,114.929832,93.59642
168.786102,43.72839,26.246389,113.715004,93.151062
171.543152,44.482597,26.76309,113.015846,93.126343
170.84053,44.253063,26.605453,114.405487,93.885063
170.760513,44.203865,26.482847,114.501633,93.819069
173.232941,44.703949,27.139662,114.440475,94.008781
171.045135,43.974323,26.561665,114.903709,94.198418
171.827713,43.818554,26.50036,114.676476,94.289192
173.908875,44.343235,26.587934,115.087189,94.816986
173.508682,44.228458,26.325209,113.977249,94.784004
172.147873,43.966129,26.552904,114.47541,94.849991
176.19458,45.113853,27.498718,112.459656,94.333015
176.986145,45.425377,27.866539,112.923775,94.52327
177.679825,45.868069,28.18181,113.335312,94.969933
178.257965,46.204193,28.742292,112.608543,94.953392
178.400208,46.146809,28.698505,112.573532,95.060883
176.452515,45.695911,28.208086,113.81694,95.56543
177.324081,45.868069,28.383236,113.125198,95.457954
177.466385,45.794285,28.427021,112.661087,95.854942
180.330154,46.991207,29.022533,111.522728,96.127861
180.098999,46.892822,28.847383,111.872978,96.409096
179.80542,46.45013,28.435785,111.978058,96.376015
180.846054,46.860027,29.005018,112.310829,96.839233
181.993347,47.220741,29.644314,112.774925,97.136986
182.708511,47.138767,29.801954,113.011322,97.360275
182.967743,47.064983,29.86326,112.144409,97.244484
182.869415,46.983009,29.793203,112.11821,97.062546
181.662598,46.507515,29.285263,113.387901,97.550545
181.582077,46.195992,29.2152,113.431671,97.509178
181.689362,46.474724,29.311539,113.580559,97.567062
183.37001,46.9748,29.714392,114.771446,98.005409
184.174622,47.32732,30.020901,113.563004,97.889664
183.727631,46.860027,29.994623,114.368607,98.278412
184.979172,46.359951,29.907047,114.666901,98.595253
184.380219,46.261574,29.547989,114.737122,98.603516
182.53862,45.351601,28.969992,115.99192,98.918709
184.532181,46.08942,29.320292,115.149544,98.83577
182.324097,45.417175,28.733534,116.571068,99.101219
182.815765,46.286171,29.232721,115.833946,98.877235
182.386658,46.310768,29.609297,115.684792,98.868965
184.085159,46.999409,30.064686,114.886307,98.479118
185.944656,47.745422,30.598894,115.289909,98.819191
185.953598,47.901184,30.450014,114.737122,98.752846
185.747986,47.794613,30.274868,115.719925,99.167549
187.053162,48.204514,30.414984,115.219757,99.275375
187.643173,49.040718,30.879133,114.859993,99.457863
187.821945,49.081707,30.739017,113.596428,99.184151
186.811798,48.786568,30.432507,112.920799,99.1427
186.811798,48.811172,30.248592,112.631233,99.250511
186.490021,48.565231,30.055925,112.166153,99.018265
186.767075,48.737389,30.379955,111.657211,98.976791
187.151535,48.770187,30.563869,112.771591,99.607147
185.452972,48.106136,30.248592,113.236656,99.698418
184.451767,47.901184,30.117228,113.526237,99.806236
185.917847,48.352081,30.038414,112.383255,99.677307
184.299728,47.55687,29.188934,113.798782,99.851967
183.271713,47.007599,28.716024,114.42305,99.685638
183.235947,46.909229,28.707264,115.18795,99.885239
183.906387,47.040394,28.751049,114.695625,99.668991
184.058395,46.942013,28.383236,115.056061,99.569221
186.346939,47.61425,28.926205,115.064842,99.735504
184.603714,47.204353,28.856144,115.715492,99.843651
184.657364,47.187962,28.777323,115.18795,99.635735
183.048218,46.704277,28.260626,116.304581,99.818687
184.854034,47.261742,28.602169,115.302284,99.486015
183.128662,46.917427,28.47081,115.495682,99.452751
183.182281,46.933815,28.190567,113.851578,98.604408
182.547562,46.597702,27.927839,114.34388,98.837326
183.700806,46.983009,28.208086,114.431831,98.903877
183.45047,46.827244,28.155539,114.686859,98.903877
185.828445,47.507679,28.444536,114.176842,98.737518
187.088913,48.007755,28.786081,113.746033,98.912163
187.142578,48.138939,28.97875,114.335098,99.194962
187.947144,48.089745,28.969992,114.168098,99.120102
187.589523,47.860203,29.005018,114.440628,99.294731
187.973923,47.81921,28.987503,114.904938,99.364815
188.546127,47.81921,29.223957,115.733101,99.564949
187.982864,48.130737,29.670595,117.380676,100.365562
188.939484,48.401268,29.98587,116.508446,100.123772
189.23439,48.75378,30.257351,116.790352,100.273865
189.851288,48.852158,30.476294,117.415871,100.607483
189.591995,48.253704,30.125982,118.173607,100.74926
187.795197,46.851841,29.364079,118.746307,100.866058
186.346939,46.171398,28.952475,119.274864,100.715919
185.980392,45.433575,28.856144,119.186806,100.490723
185.721161,45.7369,29.162655,119.644936,100.866058
186.275421,45.835274,29.057566,120.226418,101.016129
185.581696,46.286171,29.136387,119.477547,100.715919
186.77684,47.433899,29.65308,118.200027,100.590797
187.307037,47.81921,29.880772,117.653763,100.499046
187.00148,47.789921,29.956678,117.847588,100.682556
189.436722,49.111843,30.680437,116.499641,100.582436
182.634247,44.895081,28.818083,119.627312,101.057861
179.363312,44.033329,28.447378,122.614052,101.483223
182.598267,45.187916,29.285877,122.86953,102.041992
185.707474,46.016212,30.027296,121.926781,102.008636
188.241592,46.702271,30.327393,122.376106,102.367256
188.636978,46.702271,30.618658,124.075272,102.903336
187.280075,45.798676,29.965511,125.628746,103.254539
188.403336,45.715012,29.886072,125.831787,103.43853
188.28653,45.530949,29.806635,125.822937,103.455261
191.090195,46.225376,30.450954,126.749725,104.032288
191.764175,46.903069,30.742228,125.637634,103.764671
193.157013,47.538929,31.174719,123.572136,103.179298
193.130035,47.488724,31.121758,125.028519,103.580696
194.208405,47.898689,31.571907,123.210281,103.329796
193.947769,47.656052,31.501291,122.151016,102.936745
194.468994,47.77319,31.783747,122.03627,102.936745
194.271286,47.39669,31.457159,122.724808,103.120743
195.080063,47.823387,31.616035,122.053925,103.087296
194.343201,47.630959,31.518951,122.301048,103.204369
195.214844,47.722992,31.74843,122.512962,103.145844
194.684677,47.664429,31.430677,122.424675,103.087296
194.774551,47.865219,31.677824,122.618896,102.986931
194.567825,48.040924,31.783747,124.145882,103.413437
194.79245,47.990726,31.792568,123.916389,103.313095
195.107025,48.55965,31.960264,124.949081,103.689384
194.945236,48.241714,31.898479,123.594421,103.104996
193.696213,47.999088,31.668999,122.32106,102.526497
194.262299,47.831757,31.77491,122.391792,102.660629
194.468994,48.107849,31.951439,123.311386,103.096634
196.059494,48.325378,32.322147,122.029198,102.677383
195.942703,48.425781,32.55164,122.259163,102.744453
196.059494,48.810642,32.772293,123.461746,103.348137
195.574265,48.977982,32.78112,123.93927,103.641624
196.481903,49.329369,33.204788,122.8339,103.297844
196.311127,49.203876,33.081219,123.868492,103.767403
196.877304,49.396309,33.425446,122.701248,103.448792
195.861862,49.321007,33.275398,122.374069,103.264336
196.230209,49.304272,33.063564,123.108032,103.549377
196.670547,49.555271,33.37249,123.302589,103.800903
196.383041,49.187145,33.18713,122.657082,103.490685
196.374054,49.237343,32.745811,123.691689,103.842834
196.769424,49.446499,32.613415,123.824272,103.960197
195.76297,49.329369,32.701683,123.532516,103.893143
195.628189,49.128586,32.728165,123.063766,103.792526
195.25975,48.835743,32.445713,122.34758,103.465546
196.221298,48.986347,32.692856,123.983467,104.052452
195.897766,48.919415,32.604588,123.505959,103.918289
195.340652,48.819012,32.242706,123.682808,103.876381
195.349609,49.153675,32.489845,123.81926,103.876381
196.230209,49.722607,33.019436,122.809364,103.691414
196.823334,50.05727,33.72554,123.704025,104.052902
196.805389,50.082367,33.619629,123.615524,103.910004
196.356079,49.94014,33.531361,122.065178,103.178635
191.656311,48.969608,32.401585,120.054253,102.405289
194.406067,49.371204,32.622242,120.116226,102.413696
191.611359,48.375587,31.80139,118.752052,102.077431
191.53949,48.308655,31.898479,118.929192,102.144691
193.453552,48.726978,32.445713,118.41539,102.211922
192.705719,48.099483,32.225056,119.372139,102.329628
192.741837,48.350483,32.481026,118.982315,102.296028
192.75087,48.643314,32.498669,119.398689,102.430466
194.918457,49.496704,33.407784,120.364296,102.951691
196.146713,49.998695,33.646103,121.321022,103.371986
195.072037,49.580368,33.213615,121.205933,103.296349
193.491516,49.120213,32.728165,121.976608,103.456047
194.692657,49.354481,33.195961,122.871353,103.70826
195.659058,49.705868,33.496059,122.605614,103.775497
193.888855,49.086746,32.913517,122.915596,103.733482
195.35199,49.471603,33.054741,121.817146,103.548561
194.882339,49.337746,33.284222,121.415146,103.255226
193.888855,49.329369,32.913517,119.995178,102.774864
194.746857,49.53017,33.390141,119.436043,102.665276
194.882339,49.26244,33.416618,118.770493,102.673645
194.213989,49.011444,33.266571,118.850349,102.918098
195.225525,49.153675,33.628448,118.149239,102.918098
192.759888,48.459248,32.85173,117.882988,102.597832
193.012787,48.350483,32.789944,117.998352,102.732689
192.380569,48.16642,32.498669,118.442116,102.985527
192.47998,48.25008,32.55164,116.782455,102.505135
191.811615,48.107849,32.516323,117.528008,102.842247
193.012787,48.584747,33.090042,117.909622,103.09507
193.527634,48.718613,33.293053,118.007233,103.229958
193.166382,48.793915,33.195961,118.131493,103.196243
193.256653,48.685143,33.18713,118.308929,103.255226
194.078552,48.676773,33.328362,117.794235,102.960243
193.428238,48.643314,33.363659,118.104828,102.884407
193.039902,48.425781,33.010609,117.306145,102.454521
192.525116,48.367218,32.728165,116.028145,101.990974
191.956131,48.350483,32.595768,115.77076,101.872986
191.965164,48.375587,32.78112,116.480743,101.965714
190.574265,48.16642,32.516323,116.489685,101.837219
189.427292,47.84013,32.127964,116.996506,101.98938
188.560226,47.789921,32.039703,116.098434,101.786537
188.352524,47.329765,31.713127,117.138756,102.090752
192.507034,47.982357,32.860558,116.142906,102.02317
193.374054,48.116219,33.072392,115.671669,101.795006
195.42421,48.158054,31.995565,110.76342,100.299263
195.911896,48.024185,31.086462,109.127396,100.214737
195.460358,47.731358,30.49509,108.51387,99.78376
195.613876,47.471992,30.274433,107.864746,99.26828
197.140198,47.68116,30.883453,108.3983,99.57251
196.769913,47.179161,30.627483,109.376366,99.716171
197.781479,47.538929,30.671621,107.76693,99.082397
197.338928,47.020195,30.530394,107.455757,98.52462
198.829102,47.421799,30.830492,107.722496,98.62606
199.217453,47.538929,31.29829,107.686935,98.879547
199.325836,47.371593,30.962889,107.26899,98.51619
200.066406,47.513828,31.112936,107.429062,98.52462
199.127151,47.262836,31.236507,108.220451,98.972511
199.515488,47.564026,31.28063,108.673882,99.107735
199.036835,47.513828,31.333597,106.913368,98.735909
198.305283,47.329765,30.962889,105.7845,98.182594
198.404572,47.446888,30.998194,106.559639,98.631683
199.596756,47.915428,31.254154,106.443802,98.843529
200.228958,48.241714,31.421858,106.363602,98.835037
202.848129,48.961246,31.951439,107.272446,99.250229
203.34491,48.919415,32.092663,106.007233,98.843529
204.573196,49.128586,31.924952,104.688606,98.462196
204.338318,48.911041,31.713127,104.884621,98.368988
205.702118,49.438141,32.066185,105.258812,98.589317
204.004227,48.710251,31.112936,104.082764,97.962257
204.844101,48.601479,31.165899,104.608421,98.030067
204.443451,48.634945,31.024677,104.367851,97.953781
204.888611,48.55965,30.81284,105.490479,98.428337
205.679001,48.726978,30.918755,104.964828,98.368988
205.106659,48.740505,30.790207,105.428108,98.682503
204.75235,48.630615,30.424189,105.239647,98.689316
205.052109,48.757408,30.602736,105.45401,98.842262
205.560913,48.698238,30.736641,105.114571,98.663818
203.862076,48.512268,30.968748,105.88279,99.029175
203.816605,48.630615,31.4776,106.257973,99.411537
203.071671,48.799675,31.254421,106.418762,99.564491
204.625183,49.103992,31.629372,106.874352,99.649429
205.842545,49.661892,31.870407,107.285301,99.989311
205.679001,50.084545,32.218567,108.964722,100.524597
206.414917,49.915489,32.08466,107.964195,99.997818
205.733505,49.839409,32.057884,108.830666,100.19323
205.733505,49.847866,32.245346,108.759209,100.133774
206.314941,50.109909,32.62923,109.125481,100.286705
205.797119,50.185982,32.77206,108.884285,100.278198
206.269531,50.371948,32.745274,108.366142,100.074257
205.54274,50.185982,32.727425,109.500656,100.507622
205.996994,50.042286,32.548882,108.09819,99.844856
205.233871,49.915489,32.450676,107.356758,99.505005
205.9879,50.202888,32.513168,107.142365,99.683403
205.451843,50.329689,32.995239,108.214279,100.142273
206.769196,50.456482,33.200569,107.472862,99.844856
208.558884,50.980579,33.566589,106.123978,99.462524
208.34082,50.777699,33.423756,106.481316,99.581459
208.013809,50.693169,33.450535,106.865395,99.700409
206.723755,50.329689,33.271984,106.543831,99.530487
206.705566,50.405766,33.334476,107.285301,99.708908
206.787338,50.608639,33.352333,106.621925,99.58622
206.923599,50.633999,33.495167,106.577156,99.611778
208.349899,50.836876,33.7005,106.532372,99.722534
207.977463,50.473389,33.620155,107.176971,100.037804
207.986542,50.422672,33.450535,107.96476,100.208183
208.259064,50.507202,33.655865,109.432922,100.557465
209.494629,50.718533,33.807625,108.170662,100.157074
210.32132,50.836876,34.120083,108.107994,100.131493
211.466019,51.039745,34.227211,107.767815,100.088882
212.310867,50.963657,34.262913,106.988945,99.850342
213.419205,51.158092,34.539661,106.496597,99.773697
213.237503,51.276424,34.414677,107.078484,100.054848
213.573654,51.141178,34.271843,107.714119,100.310417
214.845566,51.310238,34.646793,107.526085,100.352997
214.654709,51.310238,34.753914,107.705139,100.429688
214.80011,51.420135,34.762836,108.027428,100.685257
215.072632,51.048195,34.352188,109.227043,101.196434
215.408768,51.082008,34.245064,108.582451,100.957901
214.827393,51.005939,33.914753,108.985329,101.02607
217.834412,51.538471,34.44146,107.159119,100.428932
216.462601,51.200352,33.834408,106.773438,100.275139
216.598892,51.504665,34.0933,107.051514,100.377655
215.953842,51.344055,34.111153,106.54023,100.198257
215.308823,51.166538,34.146862,106.217316,99.702766
214.909119,50.980579,33.825474,105.64328,99.395233
215.181671,51.174995,33.557671,104.80014,98.857056
215.935684,51.606102,33.932606,105.167892,99.104759
216.044693,51.876598,34.40575,104.504143,98.771629
215.218018,51.479309,34.209358,105.006424,98.857056
217.080399,52.214722,35.102077,106.289085,99.711319
216.653412,52.468319,35.316338,105.750931,99.566063
216.272888,52.603565,35.253853,106.41468,99.796761
216.03566,52.493675,35.664501,106.872108,100.02739
213.261871,52.256992,35.271702,107.760109,100.275139
213.763733,52.265442,35.441319,108.190636,100.531433
213.535645,52.383789,35.450245,108.038139,100.463066
213.380524,52.527485,35.539516,108.423828,100.56559
213.161514,52.662739,35.441319,108.917191,100.779144
214.712692,52.916328,35.539516,108.190636,100.56559
214.913406,52.916328,35.602009,108.836426,100.890244
215.597717,52.73037,35.414532,107.95742,100.625397
215.095886,52.654285,35.164577,108.27137,100.727921
214.721771,52.578205,35.36097,109.363457,101.180199
214.858597,52.561306,35.378834,108.77021,100.914658
214.219925,52.282349,35.271702,109.102776,101.043167
214.822159,52.290806,35.209213,108.940987,101.137367
214.603165,52.256992,35.146717,108.500565,100.888931
214.730896,52.197823,35.003883,109.003929,101.077408
214.475418,52.442959,34.923538,110.037598,101.548538
213.535645,52.400692,35.093159,110.639824,101.882629
212.148743,52.062565,34.941391,110.98143,102.053925
214.028336,52.383789,35.307407,110.639824,101.856895
213.389633,52.147099,34.861042,112.087006,102.456535
212.997284,51.93578,34.646793,111.475754,102.148132
214.730896,52.349968,35.075298,111.044334,102.002541
214.0466,52.383789,35.075298,111.044334,102.002541
216.400665,53.710918,35.57523,110.495995,101.865456
217.659805,54.091312,35.887676,109.165733,101.462891
217.522919,53.939159,35.753777,109.767921,101.711273
217.705475,53.989872,35.709137,109.731987,101.805496
217.230927,53.930695,35.762699,109.974686,101.92543
217.778427,54.150475,35.968029,109.060463,101.609337
217.86058,54.429428,36.226921,109.618881,101.909966
217.595947,54.319546,35.985882,109.690956,101.858414
217.851395,54.835186,35.584164,109.150505,101.660896
218.709076,55.443806,35.878757,109.24955,101.695251
218.672592,55.029602,35.869827,108.655121,101.514877
218.471848,54.894352,36.325119,108.646095,101.532066
218.864197,54.978886,36.566154,108.519981,101.669479
218.41713,54.843632,36.6465,108.519981,101.721001
218.05217,55.147945,36.79826,109.339653,102.236359
219.256561,55.426899,37.173214,109.042435,102.227776
219.055817,55.781921,37.208931,109.447746,102.373756
215.1689,55.147945,36.575089,111.042015,103.000778
216.03566,55.240925,35.968029,111.168152,102.983604
217.440826,55.883369,36.735783,111.429359,103.043755
218.544861,55.950993,36.771484,111.123116,102.957848
219.028442,55.959435,36.80719,110.37545,102.640038
219.539444,55.993259,36.950035,110.996994,102.803261
220.588669,55.993259,37.128578,111.033012,102.846169
220.543091,55.832653,37.262486,111.222214,102.92347
220.35144,55.773476,37.066086,111.771652,103.163979
220.296738,55.841095,36.780407,112.050865,103.284225
222.048584,56.204582,37.092861,112.062607,103.306633
222.787659,56.821655,37.280342,113.389481,103.788872
222.623398,56.508888,37.235706,112.685402,103.496048
221.911743,56.348286,37.253551,113.299232,103.797478
222.322327,56.365189,37.208931,112.75766,103.668289
222.431793,56.263756,37.432098,112.45974,103.487465
222.094223,56.052425,37.146431,112.288269,103.384102
222.048584,55.841095,36.950035,112.252121,103.409943
223.134354,56.272209,37.128578,112.270187,103.521889
222.851532,56.229935,37.119652,114.003288,104.22805
222.422668,55.646679,36.735783,113.822746,103.97834
222.471298,56.120052,36.79826,114.048409,104.064461
224.323395,56.348286,37.164291,113.88591,103.935287
222.810532,55.894737,36.753529,114.905914,104.167793
222.755493,55.826012,36.834248,115.140594,104.219475
222.654663,55.817429,37.022579,115.393333,104.305595
222.920563,55.954865,37.219891,115.339188,104.357254
223.06723,56.049355,37.57864,115.772423,104.546707
221.270172,56.040764,37.139172,114.535835,104.073059
223.25061,56.530392,37.426167,114.156693,104.185036
221.288513,55.972046,36.950829,113.199936,103.866364
221.701111,56.006409,37.121243,112.938148,103.780258
222.077072,55.937691,37.336491,112.57457,103.555801
222.590454,55.937691,37.264729,112.601685,103.728409
220.554977,55.688576,36.816299,111.670036,103.460762
221.985367,55.69717,36.888058,111.000725,103.374435
222.223709,55.83461,37.237831,111.163506,103.547104
222.05867,55.963463,37.542763,111.353462,103.590302
223.727371,56.41013,38.269222,112.122314,104.047928
224.103302,56.573334,38.457573,111.416779,103.866608
225.14856,56.968472,38.941872,111.552475,104.108376
225.121033,56.856812,38.762497,111.859993,104.203339
225.24025,56.908348,38.879089,112.836845,104.652367
226.459717,57.157455,39.201965,112.88208,104.617828
226.560577,57.389385,39.15712,113.20768,104.712814
226.35881,57.166054,39.130207,113.687065,104.954567
226.303848,57.011429,39.246803,113.243858,104.833702
226.853973,57.088737,39.148151,111.769524,104.212006
226.863098,57.440926,39.471016,111.950439,104.557388
226.652267,57.312077,39.255775,111.398697,104.298355
226.386383,57.372204,39.237839,112.058945,104.574677
226.25798,57.492466,39.282681,112.194687,104.574677
226.762283,57.810291,39.399273,112.982391,104.953842
226.872299,57.83606,39.43515,113.045807,104.789391
226.432205,57.870419,39.273712,114.215187,104.936539
226.844788,57.947731,39.417217,113.245239,104.529648
227.266571,57.973492,39.686272,113.372147,104.555588
226.70726,57.664253,39.695236,112.964249,104.05349
226.698074,57.569775,39.336498,113.580627,104.157372
223.498169,56.753735,38.403755,114.550583,104.122742
223.828262,56.650646,38.493435,114.60495,104.313202
226.047073,57.062965,38.888065,114.015747,104.243942
226.019577,57.020016,38.932907,113.535332,104.122742
226.413849,57.346432,39.336498,113.952301,104.417084
222.883865,56.70219,38.834244,114.804375,104.520958
222.535461,56.856812,39.166088,114.777206,104.451714
222.709671,56.83963,39.309589,115.058212,104.598885
225.038513,57.114506,39.74905,114.614021,104.495018
224.231689,57.123104,39.937389,115.393562,104.89325
223.709045,56.99424,40.062946,114.967529,104.694138
224.231689,57.337849,40.296143,115.411705,104.936539
224.240906,57.337849,40.152637,115.339203,104.936539
224.497589,57.105919,40.080887,115.710838,105.014427
225.561142,57.02861,40.143669,115.674583,105.101028
226.918137,57.466705,40.206459,116.019051,105.282829
227.239029,57.54401,40.502415,115.131584,104.86618
225.606995,57.157455,39.973263,116.95739,105.517204
226.377136,57.509644,40.23336,116.239769,105.143944
226.349655,57.982086,40.52932,117.42971,105.551903
226.083771,57.990688,40.260262,117.175385,105.239441
228.495148,58.445953,40.798382,115.776512,104.918274
229.265366,58.626343,40.753536,115.167946,104.805428
229.375351,58.308502,40.538284,114.713768,104.701241
229.302032,58.411583,40.645916,115.186134,104.96167
229.610733,58.463131,40.888073,115.231537,105.048477
230.099075,58.540443,41.031567,114.568428,104.944298
230.329407,58.815323,41.121254,114.286842,105.005051
230.412338,58.686462,40.932911,114.368629,104.874847
229.794937,58.566208,40.932911,114.305038,104.874847
229.841049,58.746597,40.699726,114.631989,105.013748
229.371109,58.411583,40.00914,115.349617,105.404335
229.509354,58.282742,39.90152,115.140686,105.386978
230.403137,58.32568,39.758022,113.405785,104.979042
230.679565,58.480309,39.73111,113.06971,105.135262
231.490433,58.823914,40.188515,113.324043,105.230743
232.494766,58.772362,40.197483,113.116501,105.329056
232.99234,58.96994,40.834255,113.225723,105.564095
233.268799,58.858253,40.825287,113.234848,105.503174
234.65094,58.823914,41.130215,112.807053,105.355209
234.383698,58.78096,40.923946,112.48848,105.268166
233.996704,58.79813,40.897041,112.843468,105.355209
234.614029,59.35648,41.300625,113.025482,105.424828
234.982651,59.50251,41.488972,113.243927,105.372581
234.632492,59.450966,41.471035,113.726318,105.398735
234.918121,59.760212,41.847713,114.545486,105.81649
235.2314,59.717255,41.820808,114.46357,105.668526
235.397308,59.562637,41.60556,114.609177,105.651146
235.627655,59.734451,41.704216,113.85376,105.494469
235.692108,59.63995,41.336498,114.053978,105.651146
236.908432,59.562637,41.488972,112.843468,105.363922
235.986984,59.433784,41.15712,113.043694,105.468361
236.401596,59.52829,41.15712,112.342865,105.207222
235.2314,59.296356,41.067444,111.805832,104.928726
235.535492,59.287758,40.789413,111.432671,104.920059
237.461258,59.425198,41.381344,112.169907,105.233353
236.576691,59.562637,41.121254,113.243927,105.581482
236.945251,59.811752,41.506901,113.280304,105.433533
237.25856,59.871876,41.722153,113.784721,105.600212
237.350693,60.052269,41.775967,114.286354,105.582748
238.143127,59.957779,41.560711,114.596481,105.704933
238.511703,60.043674,42.027088,115.025208,105.731125
238.345856,59.820343,41.75803,115.508614,105.643852
238.751205,60.017918,41.955338,115.253212,105.504204
237.885117,59.674309,41.695251,114.924835,105.224968
237.811386,59.511101,41.515877,113.191856,104.622849
238.032532,59.26199,41.426182,113.428993,104.640297
237.479706,59.21904,41.148163,114.195168,104.666496
236.291061,58.935574,40.932911,115.435638,105.111511
238.299759,59.408028,41.784935,114.432304,104.989342
237.599457,59.193275,41.991215,115.280525,105.120224
238.004852,59.322117,42.206467,115.234955,105.120224
239.562149,59.768787,42.771481,115.599808,105.469307
239.35022,59.932014,42.879108,115.973801,105.879471
239.903046,60.421635,42.789421,115.654533,105.757263
239.783264,60.060844,42.161613,115.490356,105.69622
242.21582,60.404446,42.475521,115.645393,105.844551
242.068329,60.163937,41.802868,114.50528,105.425682
244.187698,60.224068,41.34547,114.122208,105.303513
243.680908,59.98354,41.112282,115.662231,105.628983
243.386078,59.768787,41.193001,115.717072,105.795227
242.510696,59.63995,41.1661,116.292877,105.99649
242.556793,59.519695,40.610035,116.694992,106.197784
243.321579,59.674309,40.726631,115.78109,105.98777
244.648453,59.992138,41.201973,115.790169,105.856514
245.385574,60.146751,41.408249,115.552551,105.935219
245.818634,60.224068,41.130215,115.506851,105.856514
245.791,60.455986,41.623501,116.375137,106.223984
244.786606,60.120979,41.318562,116.868675,106.416512
246.825058,60.103817,41.408249,117.307373,106.565239
248.390228,60.816769,41.874619,116.238045,106.250267
247.43631,60.59367,41.653374,114.730019,105.707756
247.306686,60.489483,41.708004,113.459564,105.427757
247.816071,60.706528,41.981144,114.120857,105.711838
247.75119,60.862782,42.336224,114.276581,105.790794
247.454834,60.845409,42.299801,114.615425,105.931068
247.575226,60.958271,42.409058,116.108353,106.518562
248.084595,60.993,42.700397,116.007614,106.448387
247.1492,61.0364,42.900703,116.190788,106.588699
248.918106,61.487823,43.711006,114.935982,105.878464
250.492569,61.782974,44.129826,115.48555,106.071327
251.548355,62.460087,44.348324,115.467224,106.03627
253.224686,62.807323,44.730724,115.13752,106.001205
253.687759,62.789974,44.730724,115.064217,105.992432
254.261932,62.859425,44.657887,113.525513,105.606644
253.872955,62.737881,44.375641,113.388176,105.676773
255.72525,63.17194,44.648781,113.855225,105.931068
257.392303,63.805649,45.076694,114.047592,105.948616
256.512451,63.744877,44.903709,114.523849,106.045052
258.957336,64.07476,45.495506,114.368172,105.75573
258.522186,63.996643,45.550129,113.30571,105.343597
259.698425,64.352562,45.92342,112.710358,105.01915
261.809937,64.682442,46.187454,112.820282,104.922707
262.365631,64.890785,46.405956,113.30571,105.378662
262.263794,65.003639,46.797462,112.692047,105.308533
262.374908,64.751877,46.770145,113.617111,105.843376
265.412598,65.324844,47.416569,113.195793,105.703079
263.653046,64.72583,46.697311,112.408134,105.422501
260.948639,64.18763,46.05999,111.748703,105.063019
261.078339,64.100807,46.460583,112.408134,105.282204
260.781982,64.283112,45.832378,110.779037,104.817108
255.104828,62.980961,44.657887,109.751106,104.280807
244.435638,60.341915,43.0919,110.788208,104.342339
249.251556,61.531212,44.494003,110.099808,104.131355
247.899399,60.880142,43.0919,109.053543,103.841194
238.600983,59.291515,41.598751,108.934235,103.392822
242.185089,59.543262,42.263374,108.245872,103.058723
245.74147,60.454777,42.928017,108.723145,103.058723
246.352737,60.272469,43.255775,109.209572,103.023567
249.677551,61.340244,44.339218,107.998108,102.645531
252.863495,61.722214,45.24968,108.365227,103.129082
252.937515,61.999996,45.104008,108.952591,103.436775
251.353897,61.418362,44.484894,108.475349,102.997185
250.103561,61.123211,44.448483,107.144508,102.434532
250.427689,61.444408,44.475792,107.465767,102.575188
254.419342,61.930557,45.267887,108.420235,103.049919
257.373749,62.51218,45.686699,108.456985,103.181816
254.160019,61.583313,44.357433,108.30098,102.733444
251.585449,61.001678,43.720112,108.989319,102.926857
247.927109,59.977306,43.63818,109.73333,102.821068
249.205231,60.263786,43.820263,108.84124,102.494827
252.085449,60.584995,43.883995,108.546959,102.459549
252.724518,60.940914,44.293697,108.648117,102.547729
252.632004,60.923553,44.339218,108.528564,102.512466
253.854401,61.053753,44.348324,109.153938,102.715263
258.272156,61.444408,45.295204,108.4366,102.353745
257.947968,61.513859,45.404457,109.061951,102.486031
256.280945,61.105854,44.994747,109.613739,102.494827
254.965805,61.253422,45.067596,110.579399,102.724075
254.687973,61.218708,44.903709,110.579399,102.829872
254.964111,61.175304,44.803551,110.183937,102.944481
251.514389,60.680477,44.321011,109.83445,102.600655
251.942108,60.671791,44.812664,109.393036,102.239159
251.458633,60.767284,45.076694,109.512581,102.177444
245.172821,59.638748,43.57444,110.597794,102.353745
239.947052,58.979004,42.691299,110.514999,102.027565
246.51178,60.03809,44.075199,110.091965,102.389015
242.318253,59.595356,43.273987,111.269127,102.759323
241.602249,59.942589,43.055485,111.563408,103.032661
244.689331,60.489483,43.956833,112.106018,103.499939
239.407806,59.65612,43.164734,112.327187,103.444244
242.476288,60.03809,43.592655,111.460884,103.170113
245.070602,60.246429,43.610867,111.230499,103.170113
247.004654,60.645756,43.720112,110.401016,103.205505
241.499969,60.246429,42.864285,111.608353,103.514992
242.690125,60.741257,42.909805,111.792686,103.568008
246.548965,61.392326,43.747425,111.589912,103.594559
245.256561,61.157928,43.765636,111.986198,103.665283
247.274307,61.392326,43.747425,111.165955,103.382378
246.548965,61.453087,43.310406,111.424034,103.417717
248.576096,61.54858,43.365032,111.460884,103.426567
251.235443,61.82637,43.456085,111.764984,103.435394
251.421463,62.147579,43.829365,110.871078,102.904869
250.026718,61.913193,43.57444,109.967873,102.515839
247.90657,61.678799,43.028164,109.175255,102.100235
247.8694,61.600658,42.682194,109.202904,102.056015
244.53125,61.348915,42.481892,108.705238,101.755371
245.135635,61.244747,42.154133,107.977165,101.437057
247.62767,61.54858,42.764137,108.732895,101.737709
247.860107,61.609352,43.028164,109.571579,101.967606
245.953949,61.409691,42.718613,109.765099,101.879181
246.390945,61.192657,42.509209,109.369789,101.603424
244.735809,61.166618,42.17234,109.249702,101.523605
244.196503,61.357605,42.081295,109.739243,101.541336
247.357971,61.574635,42.27248,109.905502,101.683212
248.194855,61.583313,42.026672,109.729996,101.56794
248.194855,61.59198,42.263374,109.62841,101.532471
250.593857,61.739559,42.345322,108.97261,101.514748
252.937088,62.138908,43.228458,109.850082,102.029015
253.708786,62.303833,43.155632,110.127167,102.20639
253.829742,62.416695,43.210251,109.54528,102.020187
252.081619,61.965267,42.318008,108.298355,101.24868
253.141586,62.052086,42.955338,107.882698,101.115692
252.927719,62.147579,42.299801,107.337746,100.920593
252.295502,61.921867,41.944725,108.261383,101.337395
254.192337,62.312515,42.19965,108.316811,101.399475
253.485596,62.234383,42.345322,108.150558,101.293037
254.183075,61.54858,42.327118,108.935646,101.727524
253.662354,61.357605,42.099506,109.803886,102.011307
253.057907,60.958271,42.27248,110.487389,102.312782
250.147552,59.716888,41.289192,112.907372,102.853722
253.485596,60.628395,41.616966,112.149979,102.454674
251.932861,60.246429,41.598751,111.965256,102.410362
254.406235,60.767284,42.181442,111.373672,102.213776
255.615005,60.9496,42.609352,110.568222,101.982491
255.80101,60.854103,42.281586,110.827438,102.05365
257.939606,61.401016,42.918915,109.929382,101.680061
257.911713,61.053753,42.263374,110.994087,102.018059
258.674255,61.123211,42.181442,110.660797,101.84906
259.018311,61.513859,42.181442,110.457108,101.751198
259.353058,61.123211,42.072197,110.484879,101.760109
258.525391,61.21003,41.789948,110.429344,101.662239
259.176361,61.079803,41.50771,111.345894,102.124786
258.845764,60.767284,41.179939,111.447731,101.982491
258.313293,60.333248,40.679192,111.345894,101.875732
257.323242,59.779007,40.230152,111.993935,101.929123
257.762177,59.823273,40.404266,111.012596,101.359825
256.146423,59.398308,39.836102,111.595833,101.279762
256.613373,60.026909,40.248482,111.586601,101.404312
253.120117,59.194679,39.707806,111.836555,101.306442
253.680573,59.300911,39.552017,111.993935,101.644485
251.579041,58.743134,38.791397,113.049339,101.991394
253.017441,58.964478,39.121296,113.077141,101.857964
253.381653,59.292065,39.707806,112.688301,101.911316
253.923401,58.751999,39.313744,112.600136,101.924698
253.026779,58.92907,39.341236,113.203285,102.299454
255.090927,59.513397,39.240437,113.528053,102.620644
257.248566,59.832127,39.781116,113.899216,102.763382
259.56488,60.407616,40.495907,113.166161,102.834763
260.498962,60.381046,40.404266,113.156906,102.718781
258.593414,59.371746,39.616161,113.593002,102.923965
260.937897,59.832127,40.156845,113.583702,103.147041
261.143402,60.018051,40.184334,113.871338,103.227318
260.909943,59.991489,39.964397,113.398132,103.0578
261.965332,60.097729,40.257637,113.184692,102.986443
262.516388,60.106583,40.211823,112.730049,102.96859
261.526276,59.982639,39.716969,113.444519,103.129181
261.227448,60.265949,40.285137,112.052658,102.825836
261.713135,60.265949,40.019379,110.670105,102.415405
263.030029,60.620098,40.605881,111.05056,102.736626
265.27179,61.071629,41.265686,110.874237,102.870468
264.645996,60.797169,40.807484,110.660843,102.96859
262.852692,60.912266,40.954113,110.846382,103.102425
261.479645,60.903408,40.889961,110.465988,102.959671
262.768524,60.983082,41.109901,111.069107,103.280846
262.329559,60.673206,40.74334,110.164253,102.916649
263.758667,60.274803,40.20266,110.322296,103.041931
264.888824,60.310219,40.514233,110.871033,103.364067
265.86026,60.053463,40.20266,110.936119,103.462502
266.73819,60.522697,40.615036,110.359535,103.14035
266.626099,60.469582,40.560055,110.471138,102.979294
266.26181,60.292507,40.440929,111.4011,103.059822
264.477844,59.088436,39.579502,112.210205,103.229836
263.487823,58.875954,38.928856,111.977707,103.203011
265.169037,58.867092,39.167126,111.726578,103.337242
263.188904,58.017155,38.039948,112.377586,103.551979
265.318451,58.424412,38.27821,112.368301,103.686226
266.252533,58.769699,38.681431,112.50779,103.775703
266.822296,59.088436,38.855541,113.26104,104.044128
267.448059,59.451416,39.350407,112.879776,103.784645
267.289307,59.681625,39.66198,113.32618,103.775703
266.934387,59.256649,39.020496,113.502853,103.811501
268.540863,59.601929,39.744461,113.726036,104.017326
270.661041,60.398754,40.31263,113.075043,103.856209
270.791809,60.345646,40.166,112.396187,103.462502
272.248901,60.673206,40.413433,112.544983,103.355133
271.14679,60.097729,39.359566,112.786751,103.453545
271.156097,59.619637,39.561172,112.526367,103.30143
270.689117,59.11499,38.791397,111.875786,103.111137
269.960571,58.574932,38.232388,111.577522,103.048317
269.14801,58.39785,38.269051,111.987648,103.335548
268.624969,57.928623,38.076595,111.036926,102.904701
269.091888,58.282764,37.700874,111.447044,103.245773
269.979218,58.33588,37.783348,110.598869,103.012428
270.044586,58.583782,37.9758,110.859863,103.218864
271.641754,59.017609,38.488987,111.027634,103.43428
271.688568,59.106136,38.452324,110.496323,103.308609
270.250122,59.159264,38.104095,110.496323,103.245773
271.716553,59.779007,38.47065,109.340584,102.823944
272.006073,59.991489,39.002174,108.688141,102.671341
274.210358,60.735191,39.432884,109.191429,102.94062
273.959869,60.761749,39.616161,109.144806,102.958588
273.049713,60.487286,39.167126,108.865219,102.725197
272.796387,60.788311,39.322918,108.753395,102.725197
271.980194,60.814865,39.405388,109.517662,103.093208
272.740112,60.690933,39.597832,109.592232,103.227844
272.76825,60.195118,39.332069,109.303291,103.156036
273.715912,60.265949,39.341236,108.500862,103.013802
273.556396,59.956081,38.846378,109.164108,103.103798
273.706543,59.849838,38.525635,107.267776,102.50061
271.567291,59.150402,37.563412,106.511131,102.077454
270.047424,58.796272,37.425953,105.59565,101.681305
270.047424,58.512947,37.480938,105.240707,101.573265
269.653351,58.362438,37.343483,106.305634,101.861382
261.115265,57.12294,36.234627,106.016029,101.582314
255.363754,56.32613,35.868069,107.305161,102.005417
258.910309,56.529758,36.921932,106.931496,102.023453
257.456085,56.396965,36.527882,106.884804,101.834358
263.08548,57.361996,37.444286,107.127678,102.09549
263.132446,57.034412,36.986084,106.492439,101.59127
259.33255,56.113647,36.014687,106.45507,101.59127
259.191803,56.432373,36.35376,106.221558,101.46524
258.02832,56.184471,36.747818,106.081436,101.33918
256.714752,55.653263,36.344597,106.417732,101.483261
248.936707,54.077339,35.171597,107.221054,101.627296
253.402802,54.75906,35.849731,106.772697,101.501251
248.946106,54.387211,35.437355,107.417244,101.67231
247.566833,54.236698,34.823368,107.17437,101.555275
251.235413,54.891861,35.501503,106.641945,101.330193
253.918854,55.299126,35.886398,106.100121,101.042107
256.621063,56.007401,37.169361,106.198441,101.348305
255.101028,56.087086,37.407623,104.878098,100.941841
256.508423,56.087086,37.50843,105.2901,101.122475
258.131561,56.31728,37.444286,105.224571,101.294098
263.657806,57.069828,38.149914,105.365028,101.556061
263.179321,56.512058,37.160194,105.355659,101.257973
260.608582,56.140213,36.472889,106.14225,101.330261
255.73909,55.219437,35.959709,106.835167,101.321213
255.260529,55.458488,36.372089,106.76963,101.185722
253.515427,55.50275,36.592026,106.835167,100.914749
256.161224,55.679821,37.407623,106.788383,100.725052
256.827393,55.741798,37.480938,107.40638,100.923782
252.483276,55.254852,36.97691,107.706047,100.824394
247.810806,54.298676,36.179638,107.743515,100.580536
248.655197,55.06007,36.848618,107.706047,100.797302
246.994553,54.697083,36.417915,107.818413,100.842476
250.982117,55.520462,36.866943,107.574951,100.887642
251.826492,55.307983,37.123535,107.696678,100.761177
257.624817,56.095947,38.012455,107.172295,101.03215
257.062012,55.81263,37.682545,107.593681,100.743103
258.628784,55.573586,37.645893,107.996361,100.679863
262.053467,56.308426,38.406502,108.763176,101.054108
253.56221,54.847595,37.590904,110.58403,101.072243
253.177567,54.334087,37.242668,110.931313,101.380325
247.2948,53.785172,36.546204,111.137802,101.389404
247.763885,53.369049,36.161316,111.597702,101.697472
247.820221,53.537277,36.436237,111.578926,101.8787
249.068054,54.325233,37.031898,111.081467,101.98745
248.983612,54.227848,37.022739,110.818649,102.259308
244.386169,53.528419,36.500385,111.203499,102.150551
239.591705,53.103447,36.161316,111.851112,102.259308
239.329025,53.1464,36.406879,112.520988,102.624718
235.744919,52.636326,35.802269,114.007462,102.542892
231.907455,52.421555,36.081322,113.593506,102.206566
227.155762,51.508781,35.830173,113.574699,102.106598
221.153641,50.909222,35.495312,114.139153,101.870239
232.327408,52.09045,36.20224,112.916115,101.788452
234.111084,52.24258,36.155731,112.934937,101.788452
233.809082,52.519985,36.499901,113.885147,102.270195
235.856964,52.600529,36.33247,114.317917,102.551971
236.102325,52.493145,36.425491,114.920029,102.87011
230.468277,52.018867,35.765068,116.227768,102.915596
238.187973,53.611736,36.918476,114.882408,102.851982
240.06601,53.817558,37.002186,114.543686,102.861053
242.321487,54.166553,37.141716,114.242653,103.088257
243.453979,54.775066,37.802132,114.063919,103.479164
244.312805,54.989841,38.071884,113.330078,103.206459
244.40712,54.613991,37.885857,113.772247,103.397377
242.916061,54.363426,37.569595,113.348877,103.124657
245.700089,54.649784,37.83004,112.934937,103.188286
246.294647,54.801918,38.295124,113.047813,103.38826
248.163177,54.998775,38.462555,113.076065,103.597321
251.466263,55.553608,38.648586,112.48333,103.77916
248.068817,54.694527,37.97887,113.245369,103.951843
248.587906,54.945095,38.369541,113.198372,104.215439
248.720001,55.007732,38.741608,113.941612,104.488136
250.824509,55.634144,39.253201,113.39592,104.579025
248.918198,55.329887,38.843929,113.283043,104.56086
248.587906,55.455173,38.909039,113.856934,104.788116
252.523239,56.063683,39.755493,113.772247,105.269875
254.741028,56.090534,40.090355,114.750702,106.006149
254.863693,56.072628,39.774097,114.057671,105.753586
256.656799,56.278446,39.839211,113.548431,105.607712
257.732666,56.716938,40.388008,114.067032,106.036263
257.392883,56.430576,39.839211,114.123627,105.835655
254.939194,55.678894,39.439236,114.877968,105.81739
255.250595,55.499912,39.215992,115.368301,106.081825
255.392181,55.44622,39.08577,114.91571,105.84478
258.676361,56.090534,39.411327,114.623398,105.990662
259.516296,56.099472,39.132278,114.189636,105.717102
258.940613,56.117374,39.206699,114.840271,105.835655
261.76236,56.931705,39.150883,115.019424,105.963295
262.215332,57.146477,39.457836,115.311722,106.02713
262.743805,57.307556,39.681084,114.98172,105.935936
261.809601,57.191219,39.597363,113.95388,105.635056
263.4328,57.379143,40.03455,114.632835,106.109169
263.791351,57.549164,40.481033,114.293388,106.072678
263.6026,57.82658,40.341503,114.859154,106.236824
263.48938,57.593906,39.997337,113.557869,105.935936
262.998596,57.513367,39.47644,113.171272,105.79007
264.640717,57.82658,39.522957,112.125214,105.605331
263.678101,57.611809,39.578766,113.004036,105.843132
263.319489,57.665504,39.969437,113.24025,105.879715
261.724548,57.522324,39.746193,113.656029,105.980286
259.535126,56.788525,39.011356,114.393066,106.327827
259.016144,56.797478,38.732311,114.874969,106.464989
262.772125,57.28965,39.457836,114.534782,106.583916
263.76297,57.253864,39.662476,115.338005,106.876595
265.509003,57.746037,39.708984,115.120644,106.702805
265.339142,57.737083,39.495045,114.289124,106.492462
266.650055,58.363503,40.071754,115.045067,106.876595
267.616852,58.569313,40.518238,114.978905,106.821678
267.683228,58.685658,40.536842,114.723808,106.840004
266.877533,58.712502,40.601952,115.923874,107.562508
269.891754,58.676704,40.657757,116.178963,107.763687
264.697357,57.549164,39.467144,117.983795,108.422211
264.498291,57.629707,39.560154,118.172783,108.641708
266.46994,57.916065,39.681084,118.087746,108.687424
265.076538,57.942905,39.253201,119.174408,108.833755
266.081268,57.799728,39.513653,119.590164,108.970947
267.759064,58.041348,39.922916,119.476784,108.888611
270.934448,58.784092,40.583344,117.779739,108.483147
271.067169,58.801987,40.453125,117.997566,108.629959
271.493713,59.258373,40.732174,116.974785,108.400612
272.214081,59.133091,40.983322,117.306244,108.57489
273.531647,59.285217,41.299583,117.457764,108.749199
273.740234,59.321018,41.299583,117.041069,108.593224
272.337311,58.945168,41.215866,117.410423,108.822571
273.266266,59.168888,41.411198,117.694519,109.354614
273.190399,59.043602,40.964714,117.003197,109.244537
275.038788,59.455246,41.262371,116.16983,109.180351
274.858734,59.48209,41.048431,116.463409,109.00605
275.038788,59.526825,41.355389,115.734207,108.703323
274.365784,59.696854,41.476307,115.781548,108.684982
274.906097,59.661064,41.448406,116.387627,108.776711
275.143127,59.56263,41.178658,115.828888,108.602417
277.617065,59.678955,41.271679,116.075119,109.051895
277.000977,59.267323,40.71357,117.022148,109.418854
276.830292,59.222576,40.657757,116.851669,109.363754
278.119415,59.464191,40.815887,117.249451,109.7491
278.555511,59.705807,40.899601,116.501274,109.317932
278.697601,59.7416,40.862396,117.097885,109.363754
276.602783,59.401546,40.555439,117.580933,109.328842
276.005615,59.312061,40.648464,117.021011,108.933212
278.707092,59.947426,41.132149,117.353188,109.420845
277.560181,59.267323,40.28569,117.67585,109.568039
272.924988,58.229271,39.495045,118.577385,109.558853
272.545837,58.300865,39.439236,118.064888,109.190826
271.721222,58.032398,38.816021,118.548912,109.292068
273.086151,58.461941,39.048561,118.387573,109.356407
266.223419,57.101738,37.74633,119.317596,109.420845
268.631073,57.674446,38.276527,118.966461,109.577255
270.204559,57.880276,38.350933,119.697197,109.880867
272.707062,58.345604,38.164902,119.298622,109.706032
270.943939,57.960804,37.476578,119.564339,109.715248
269.152405,57.728146,37.318447,119.317596,109.457626
271.57901,58.112938,37.792839,119.127808,109.549667
270.744873,57.880276,37.6068,119.811089,109.687645
267.436768,57.352295,37.123116,121.158653,109.926888
268.043396,57.969757,37.160313,121.263039,110.156876
265.550446,57.405991,37.290539,122.136124,110.230461
263.768463,57.039089,37.532383,122.506233,110.276482
264.4888,57.253864,37.737022,123.559624,110.911331
260.924744,56.734837,37.867249,125.106522,111.168915
260.26123,57.065941,38.211414,125.943329,111.511322
265.910614,57.7192,38.295124,124.507385,111.548225
268.21402,57.701298,37.988171,123.80368,111.474396
269.95816,57.933964,38.006775,124.203087,111.686653
272.659576,58.667755,38.304428,125.277679,112.185013
273.910858,58.828831,38.704403,124.098465,111.778938
273.844513,59.124146,39.141579,124.174568,111.880486
273.361084,58.685658,38.723007,124.269623,112.046577
274.489044,58.739349,38.657894,124.697601,112.332649
274.18573,58.309811,38.230015,125.011406,112.378799
274.289948,58.351868,38.380913,125.23011,112.434181
277.162079,59.128914,39.308807,125.857735,113.181717
277.787689,59.494579,39.636852,126.038437,113.901566
280.441742,60.015663,40.217949,126.371223,114.51989
280.034058,59.759701,40.086735,124.982887,114.104599
279.691193,59.887676,40.030491,125.91481,114.390694
276.948029,59.531155,39.618103,126.304718,114.049248
276.671753,59.604282,39.993004,125.496368,113.818504
277.652893,59.750557,40.274185,126.380768,114.482979
279.081604,60.088802,40.217949,126.295128,114.778305
281.615265,60.372192,40.69595,125.999817,114.995811
282.348663,60.545887,40.592854,126.971649,115.310478
284.606049,60.95726,40.517876,127.876831,115.625153
284.282227,60.491035,40.236694,126.18084,114.607086
282.720184,60.143642,39.993004,126.352325,114.449745
283.07254,59.887676,39.871162,126.304741,114.209129
284.42514,60.097935,40.208576,125.609177,114.468239
285.091888,60.079655,40.133598,123.93219,113.792648
286.368195,60.152798,40.161713,124.075111,113.903687
286.463409,60.207638,40.311676,124.789749,114.098038
285.539581,59.960812,40.255444,124.418129,113.857407
283.596497,59.878532,40.133598,125.761612,114.459007
284.634705,60.061367,40.377281,125.771133,114.727417
283.053497,59.887676,40.171093,125.475754,114.551552
283.748871,59.951672,40.180454,125.713913,114.903244
285.777649,60.326481,40.227322,125.027977,114.968048
287.120728,60.372192,40.292931,125.57103,115.291962
285.749084,59.759701,39.936764,124.970772,114.921753
287.663605,59.878532,40.021126,125.266151,115.079102
287.139709,60.006519,39.946144,125.30426,115.005058
286.434875,59.311745,39.636852,125.609177,114.968048
283.301178,58.918648,39.149464,126.619102,115.069855
280.834137,58.754093,38.380913,129.133865,116.005379
278.719666,58.233021,38.006012,130.327194,116.12603
270.337708,56.77948,36.600113,132.580338,116.209579
274.128632,57.163429,37.124981,133.640045,116.933487
274.290558,57.382839,37.293694,133.687805,116.914932
279.67215,57.940479,37.752945,133.974182,117.230492
277.76712,57.538242,37.368668,133.706848,116.88707
274.385834,57.08115,36.918777,136.494614,117.620331
278.652924,57.620522,37.387417,136.026794,117.527496
270.413818,56.038994,36.309566,139.091446,117.870888
271.128204,56.230968,36.553253,140.638077,118.446327
275.128784,56.907463,37.059376,139.51152,118.659775
278.443451,57.254852,37.209339,137.516174,118.269966
276.309845,57.062874,37.284317,138.938705,118.956772
278.557739,57.465107,37.64048,138.012589,119.170273
278.471985,57.355412,37.153099,137.0961,118.734047
271.318787,56.642353,36.600113,139.349228,119.170273
274.319153,57.108585,36.79694,138.785904,119.179527
273.242859,57.062874,36.862545,140.924515,119.819954
275.16684,57.062874,36.965645,141.105865,119.819954
278.68158,57.556526,37.37804,140.571198,119.560066
278.557739,57.785072,37.668594,140.60939,119.541519
276.928986,57.675373,37.43428,140.791138,119.428902
280.072235,58.488991,38.062248,141.001556,119.652252
283.672668,58.799809,38.493385,138.447983,118.777443
283.891693,58.991779,38.662094,139.43306,119.205536
284.034637,59.165482,38.783936,136.955963,118.330734
283.967957,59.266041,38.812054,134.555435,117.334976
285.987213,59.595146,39.083858,134.316345,117.241905
286.977844,59.942524,39.36504,133.436447,117.083672
286.787292,60.280777,39.589981,130.58638,116.032082
285.901489,59.741405,39.280685,132.250504,116.618378
286.625427,59.942524,39.280685,132.967804,116.916191
286.796783,59.869404,39.121353,133.532074,117.204674
286.777771,60.070511,38.962017,133.933792,117.539703
285.422791,59.933384,38.999512,135.70314,118.349358
285.355804,59.777977,39.037003,135.674408,118.26561
283.116669,59.549427,38.624603,137.30986,118.637863
284.79126,59.37574,38.596489,135.301392,117.967812
284.197968,59.595146,38.587112,136.171753,118.219025
282.666962,59.394024,38.090363,136.506516,118.246964
283.977905,59.613422,38.305935,136.841217,118.637863
280.600037,59.028347,38.034126,137.253189,118.774078
275.643311,57.821644,37.743576,137.588531,118.727417
277.901642,58.205589,38.230949,138.843567,119.19397
281.662201,58.662682,38.399658,139.868683,119.688538
280.446991,58.589546,38.080994,138.709442,119.082016
276.093048,58.041042,37.809181,139.08313,118.97937
278.714966,58.461559,38.099739,138.297516,119.026047
280.600037,58.872944,38.493385,136.237595,118.32618
283.509033,59.92424,39.111977,134.551498,118.111588
283.193237,59.677418,38.943275,135.528656,118.503487
285.996948,60.372192,39.290058,133.890396,118.186249
285.537659,60.463608,39.402534,134.053207,118.316887
286.37973,60.609875,39.552486,133.727493,118.48484
285.12619,60.582451,39.346294,133.727493,118.634117
287.059113,60.911549,39.70245,132.721542,118.363503
286.121399,60.765285,39.730572,133.497528,118.568802
286.953796,61.094387,39.739944,133.631699,118.634117
287.422729,61.20409,39.739944,133.363449,118.895386
288.59967,61.268085,40.021126,132.711945,118.690102
290.22641,61.542328,40.255444,131.504776,118.335533
290.140289,61.524052,40.049244,131.590973,118.027618
291.030243,61.780025,40.227322,133.516693,118.44751
290.255157,61.633755,39.908653,135.317917,119.165985
292.944031,62.182247,40.508499,134.901352,119.282936
294.121033,62.502224,40.911522,133.12587,118.721581
293.795654,62.383373,41.145844,131.628647,118.038567
293.862671,62.355949,41.014618,132.425171,118.70285
294.896149,62.547924,41.314548,130.025848,117.77655
295.623352,62.511364,40.939648,129.478836,117.617538
295.058746,62.429089,40.64909,129.565201,117.654968
295.680695,62.456509,40.386658,130.160248,117.767242
295.776428,62.237114,40.077362,131.004807,118.047905
296.207031,62.063416,40.10548,132.358078,118.665451
298.350464,62.456509,40.424145,132.214096,118.684128
298.570587,62.529652,40.358536,132.454071,118.815117
298.484436,62.447372,40.44289,133.557709,119.049019
297.37442,62.054272,40.264809,134.939804,119.217445
296.895996,61.971996,40.180454,134.095184,118.936783
297.556244,62.145695,40.180454,134.267929,119.264259
299.862335,62.639336,40.583481,134.661438,119.675934
300.541748,62.602795,40.461636,135.448456,119.984673
301.881378,62.767338,40.508499,135.054916,119.975327
300.761932,62.328529,39.871162,134.766968,119.732056
298.20694,62.008564,39.86179,132.970154,119.212288
296.207031,61.780025,39.655594,135.758163,120.131691
298.034729,62.346809,39.955517,134.402618,119.972221
298.570587,62.227966,40.133598,133.748871,119.840874
301.297699,62.794758,40.367912,133.008652,119.775215
300.350372,62.46566,40.208576,133.296982,119.756416
300.015442,62.493073,40.349167,133.306671,119.756416
300.867096,62.822189,40.939648,134.354584,120.225517
303.460327,63.242702,41.651962,132.143356,119.67202
303.64209,63.681511,41.633217,133.671936,120.450676
305.728119,64.361931,41.986458,132.470215,120.178627
305.795135,63.992134,42.36937,132.287552,120.084793
305.81424,63.908924,42.599113,131.201157,120.000381
307.067749,63.908924,42.618263,131.411102,120.118904
308.414063,63.955151,42.704418,131.584381,120.081276
308.885223,64.056847,42.761856,131.39183,120.137711
308.894836,63.992134,42.666122,131.767395,120.259964
310.539215,64.269478,42.972458,132.085159,120.476318
310.46225,64.380409,43.144764,132.229614,120.645645
308.750549,63.899689,42.857582,131.748154,120.862
309.50061,64.195518,42.953312,130.457779,120.363441
312.39502,64.842644,43.82444,131.931091,120.617424
310.02951,64.038353,43.01075,133.96286,121.031281
311.21228,64.287964,42.905445,133.202179,120.626831
310.33728,64.11232,42.876732,132.547394,120.316437
311.99115,64.297203,43.125622,131.671097,120.147102
314.106659,64.445122,43.412807,132.133316,120.720879
313.202789,64.204758,43.642555,133.308044,121.059525
315.356781,64.537567,44.322227,132.903671,120.767929
314.875977,64.602287,44.073334,133.587311,120.918419
315.587524,64.602287,43.728714,134.473221,121.181786
318.212769,64.870384,44.006321,134.049561,121.351135
319.203186,65.064522,44.255215,132.903671,121.332283
318.578125,64.546814,43.135193,134.299896,121.915504
318.616608,64.676247,43.489391,134.771744,121.981346
318.982025,64.519081,43.039467,135.715424,122.141258
316.145294,64.24173,42.694843,136.813141,122.348228
311.077698,62.910503,41.220627,138.941223,122.583359
314.337524,63.502163,41.565247,137.853119,122.517487
314.07785,63.511402,41.766285,139.201172,122.912552
315.097137,63.455936,41.144051,139.220459,122.987823
309.375671,62.383553,40.311211,140.491516,123.307632
311.673859,62.53146,40.761135,140.377731,123.21051
316.424164,63.576118,41.814148,138.487259,122.908714
320.078186,64.186272,42.053467,136.972931,122.833275
321.155243,64.361931,42.091759,137.59024,122.776703
319.443634,63.751762,41.507816,139.307068,123.248245
321.828339,63.881199,41.737556,139.692856,123.540588
322.386078,64.315704,42.283211,138.988815,123.361374
324.463135,64.537567,42.857582,138.284714,123.304825
324.116943,64.084579,42.292789,138.815186,123.219955
324.63623,63.973644,42.311932,139.422836,123.521706
323.799683,63.566872,42.034321,140.377731,123.757454
325.347778,63.779507,42.340652,140.368088,123.587692
324.01123,63.400475,41.68013,141.467667,124.002663
320.674377,63.104637,41.440804,142.789047,124.247833
310.039154,60.580818,39.890003,144.920639,124.266754
300.644287,59.58239,39.5741,145.692245,124.38932
299.538422,59.656342,39.890003,144.920639,123.927208
286.085693,57.890598,38.932724,146.492874,123.267075
284.883667,57.539299,38.789131,149.801163,124.653336
297.220947,58.278881,39.631538,148.699051,124.529526
288.710785,57.807396,39.363499,151.007706,125.947853
300.846222,59.536167,40.062313,149.40419,126.127518
290.845612,57.955311,39.219906,153.123108,126.080238
286.037537,57.086308,38.415791,161.092239,126.959579
263.699615,52.658077,35.792824,165.458344,123.877037
277.344757,54.599472,37.611675,156.977264,121.087692
263.824646,51.816799,35.85984,151.200821,117.106895
238.582611,46.122036,32.270027,152.137863,111.518684
258.97818,48.913952,34.596226,148.699051,116.350471
230.639801,43.866322,30.278877,158.329575,114.695724
243.092545,46.001858,32.365757,147.771683,109.996353
230.784058,43.367104,29.57049,139.435501,104.493225
231.274445,44.041965,29.800236,143.23172,99.330482
221.307846,43.496529,30.020411,154.002121,100.928482
215.649414,42.988071,29.30245,160.348465,108.388885
235.187958,46.630501,31.504198,157.363632,110.610947
238.708755,48.146641,32.614651,157.006256,115.906052
252.646942,50.300663,33.849545,157.778992,116.000603
245.121674,48.867725,31.925402,161.99057,115.764214
253.082184,49.856915,32.451912,160.657578,117.173088
249.309891,49.422409,32.672089,159.353546,116.785423
238.089691,47.231411,31.274448,161.586136,115.088615
243.583725,48.155884,32.327465,162.611496,115.391945
240.062958,47.055759,31.714806,162.998505,114.794777
256.187042,49.551838,33.447487,162.572876,117.060326
256.448242,49.829185,33.619793,160.870331,117.240417
265.056763,50.23595,33.964417,159.699829,119.354332
269.090271,51.373051,33.83997,159.989975,124.96608
266.633423,50.883087,33.887836,158.529327,123.752701
274.497223,51.789066,34.663235,158.490646,123.146049
268.664642,50.171234,33.772957,162.688904,123.970757
269.960785,50.198971,33.954849,164.536545,123.354614
277.253876,51.530212,34.711094,162.331009,123.762222
272.369263,50.762901,34.270744,163.636917,123.060738
264.099182,49.773712,33.32304,165.697372,122.624687
269.960785,50.614983,34.23246,164.004486,122.700508
269.941406,50.457825,34.108013,164.875122,123.22187
273.70401,51.040241,34.06015,165.26207,123.136581
277.650452,51.715111,34.74939,162.185913,122.141243
276.373688,52.10339,34.816402,164.052902,122.473022
283.608704,53.406895,35.83112,163.201645,123.278755
280.96814,52.297527,35.074867,161.295959,122.444572
273.529938,51.160427,33.811253,162.677185,121.959938
274.284424,51.141937,34.175022,161.911957,122.149986
276.818634,51.234383,34.366486,160.875549,121.988411
274.942139,50.901573,34.261185,158.27977,120.620033
278.259796,51.668888,34.538792,160.924042,120.943138
282.864014,52.547138,35.266327,158.831802,120.363457
282.921936,52.500916,35.036579,157.592026,119.308632
277.282928,51.835289,34.902554,159.209518,120.458488
272.378906,51.437763,34.835548,160.323471,120.734055
275.63855,50.947796,34.969563,161.892624,121.731873
276.90567,50.994019,34.490917,161.476135,122.159485
285.340118,53.055595,35.840694,157.931015,122.853195
282.409332,52.325256,35.553509,158.521881,122.948257
287.206879,53.416142,36.022579,158.996475,124.297646
285.22403,52.796749,35.610947,159.393616,124.202644
285.765686,52.64883,34.87384,160.352524,124.202644
289.286499,54.15572,35.63966,158.202255,124.031578
293.59079,54.812099,35.754543,157.911667,124.544716
293.049103,55.329803,35.505646,157.33049,124.649261
294.35495,55.135662,36.118313,158.454056,125.456978
295.544617,56.365211,36.951141,157.387222,125.401718
297.991791,56.89217,37.831844,156.815002,125.801788
301.95752,58.251141,38.71254,154.729858,125.725632
301.164459,58.001537,38.166889,152.489502,125.344589
308.883087,58.999969,39.172043,151.40329,125.992355
312.61673,59.767284,39.411362,151.985153,126.411514
310.285614,58.990726,39.143322,153.711517,126.144798
308.554199,58.861298,39.430508,155.990646,126.973526
290.766418,55.708843,37.372349,158.939011,125.458908
294.248535,56.670292,38.166889,157.406601,126.068542
296.995544,56.902817,37.820271,157.493866,127.859482
302.712006,57.606018,38.060982,155.078995,127.506973
301.45459,57.821659,38.426865,155.71907,127.2593
301.570648,57.512257,38.446114,157.367859,127.545105
299.847168,57.23098,38.436485,157.493866,127.640404
301.770752,57.915421,38.908283,157.513336,127.516563
303.160004,58.234207,39.283787,156.436783,127.278404
295.426819,56.743431,38.763851,158.114655,126.925911
298.593903,57.549763,38.927536,158.570465,127.05928
291.501923,56.715294,38.455746,160.267685,127.173561
295.786285,57.174721,38.629051,159.763321,127.764198
299.575134,57.071583,38.503891,158.987473,128.126205
301.673645,57.287228,38.937164,158.678741,128.632233
303.33493,57.915421,39.822975,158.843811,128.947342
308.017609,58.862392,41.536827,158.193207,129.281525
304.840729,57.999809,40.843582,160.416763,129.45343
307.172363,58.487358,41.902699,159.775925,129.243362
305.423676,57.821659,41.902699,162.319916,129.968979
308.542206,58.440483,41.633106,161.504272,129.730255
305.870575,58.065434,41.353889,162.03833,129.386566
309.83432,58.918652,41.411655,162.271362,130.140869
312.680878,59.584347,41.536827,161.513977,130.398666
311.651062,59.199932,40.949493,162.281052,130.761444
312.554596,59.546841,41.18058,161.941208,131.114761
315.080536,59.837498,41.710136,162.339325,131.477585
315.750885,59.959381,42.095276,162.436432,131.64949
317.548157,60.118778,41.912334,162.921875,132.079117
313.759247,59.640602,41.57534,164.825043,132.174576
311.738525,59.312443,41.536827,164.815308,131.878632
314.011841,60.090649,42.181931,164.203644,131.477585
312.020233,59.706238,41.835304,165.339691,131.343918
315.857697,60.334423,42.509293,165.058105,132.060028
314.730713,59.443707,41.970108,166.145569,131.916809
317.217743,58.177948,41.681255,166.038818,132.098267
319.423126,59.312443,41.970108,165.202805,132.275223
320.656982,59.640602,42.528549,166.777542,132.763245
322.648529,59.837498,42.990715,165.319458,132.581406
324.805298,59.90313,43.125515,166.24292,133.145966
325.038513,59.659351,42.239697,165.134781,132.772797
326.009979,59.856247,42.345612,164.395966,132.485733
323.318909,60.071896,42.230072,162.442123,131.653275
327.826721,61.403294,42.798149,160.9646,131.327957
327.234039,61.131382,42.672977,159.244034,130.141449
327.243744,60.756351,42.595955,158.621902,129.567337
328.283325,61.215767,43.135139,159.020493,129.835281
328.992523,61.178265,43.086994,160.157745,130.20845
327.622772,60.906361,42.557434,159.15654,129.863983
328.642761,60.709461,42.422642,160.59523,130.323288
329.808563,60.400055,42.634464,161.557587,130.562469
333.150604,61.197014,43.106255,161.295105,130.33284
334.316437,61.234516,43.539536,160.060547,129.768295
337.668152,61.590805,43.655067,159.448181,129.816132
338.406433,60.962612,43.289196,156.736115,128.782715
340.592377,61.393913,43.857265,156.619431,129.175079
339.358521,60.925114,42.8848,157.659561,129.749161
342.55481,60.990746,43.616558,159.462891,130.569031
347.509552,61.80645,43.501015,160.980957,131.086884
335.550262,60.409431,42.672977,161.438431,130.799194
332.810577,60.493813,42.692234,158.37291,129.408722
323.717285,59.753117,41.950848,159.346054,129.533432
330.109802,60.868851,42.576694,158.917892,129.619736
324.377899,60.156288,41.893074,159.725555,129.715576
324.542999,60.756351,42.29747,160.066238,129.811523
328.817688,61.084507,42.981083,160.056488,130.137497
330.478973,61.478291,43.433617,159.667221,130.281387
329.167419,61.478291,43.375851,159.190353,130.367691
326.272339,61.562679,43.202538,159.676971,130.396423
322.516022,61.065742,42.865547,159.180634,130.156723
318.926544,59.518711,42.470783,159.988342,130.032059
322.174652,59.499962,42.153042,159.861832,130.108765
314.703094,59.003036,41.49831,160.075928,129.169006
315.541931,58.946777,41.305748,160.689026,128.842941
320.64328,59.143681,41.344261,160.689026,128.708725
325.968964,60.034397,41.806419,160.231659,129.360794
324.193695,59.968758,41.777534,160.416534,129.197739
326.651733,59.678108,42.451519,158.878906,129.178574
328.74881,60.025013,42.846287,159.141006,129.53801
325.627533,59.90313,42.35524,158.546799,129.557251
331.401947,60.812599,42.923317,155.448868,129.124802
326.690796,60.165653,43.000343,156.286621,129.019043
332.377319,60.681335,43.472134,155.146912,129.05751
335.323029,61.103256,43.828384,155.98465,129.374634
338.317505,61.581432,44.126862,155.95546,129.672562
343.760284,61.937714,44.511993,156.452286,130.42218
341.516876,61.2439,44.329056,157.57254,130.297241
339.370941,61.140759,44.030579,157.933029,130.42218
338.951508,60.418812,43.712841,157.660278,130.287659
338.746674,60.700085,43.866898,157.221863,130.066574
333.596588,60.475067,43.74173,156.627655,129.816727
334.932892,60.775089,44.223145,155.137146,129.547638
334.298859,60.48444,44.348316,154.601349,129.336197
336.132629,60.531315,44.338684,152.993942,129.047882
337.273834,60.925114,44.598648,153.929169,129.374634
331.041046,59.828125,44.02095,155.361221,129.643723
329.899841,59.359322,44.213516,156.403564,130.172333
318.624207,57.587261,43.106255,156.549698,129.528366
321.862488,57.859165,43.539536,155.030029,129.192047
318.507141,57.559135,43.048481,153.500519,128.519333
322.077118,58.309208,43.597294,154.650345,129.022995
327.763672,59.837498,43.789867,153.753098,129.148193
335.088928,60.493813,45.166725,157.088379,131.083984
341.624146,61.947094,45.936996,157.361404,131.575134
341.546082,62.078358,46.148819,155.459763,131.161041
345.83786,63.887924,46.466553,152.192764,130.169052
345.330627,64.459854,45.936996,151.315063,129.831985
347.895935,65.00367,46.235477,151.86116,130.072739
344.521027,64.056679,45.888859,154.445526,130.592819
349.290802,65.041168,46.533955,154.240707,130.746902
353.650818,65.716232,47.11166,153.870117,131.170639
351.748779,65.650604,47.063519,154.874649,131.594437
347.515533,65.303688,46.899834,155.323212,131.873718
348.978638,65.763115,46.976864,156.122894,132.605606
346.588898,65.960007,47.236824,157.50769,132.490112
348.666534,65.875626,47.361996,156.786057,132.653809
354.284821,66.8601,47.997467,155.225693,132.355255
353.738586,66.775719,47.727871,154.747833,132.432266
354.723755,67.235146,48.180408,156.249664,132.904175
353.153351,65.772491,46.91909,156.054626,133.366455
357.01593,67.319534,47.843414,153.753693,132.860794
357.766968,67.328903,47.910812,152.533432,132.416885
357.669464,67.441422,48.459641,153.763474,132.938034
360.751709,68.013359,48.960304,151.508423,132.20462
360.010406,67.460167,48.960304,152.875107,132.320404
361.063843,67.694565,48.979568,153.597504,132.166016
357.825531,67.78833,48.555916,153.089859,131.683517
357.708527,67.882088,49.181759,154.446838,132.339722
357.289032,67.675819,48.83514,154.993484,132.474823
355.689362,67.717468,48.581238,154.56395,132.378296
360.498077,68.408554,49.106544,154.04657,132.638855
361.063843,68.673637,49.340019,153.636566,132.532684
363.082886,69.156456,49.661037,153.230011,132.726089
361.633148,68.796707,49.602669,152.770691,132.629395
360.340118,67.916267,48.873085,153.376617,132.368362
359.732819,67.745865,48.483959,154.168182,132.735764
360.056061,68.474831,48.980083,153.102997,132.764771
361.456879,68.503235,48.766071,153.708862,133.219254
364.562073,69.061783,48.90226,153.777283,133.30629
363.866547,69.506729,49.631855,153.581818,133.364304
364.385712,69.601395,50.293354,153.914093,133.538376
366.237091,69.071259,50.264164,154.13887,133.567383
361.25119,69.430992,50.585194,153.953156,132.890488
363.739227,70.15049,51.801182,152.809784,132.465057
365.913849,70.955185,51.363426,149.672897,131.391708
371.350403,71.030914,51.849815,148.353653,131.372375
373.466248,71.693604,53.221458,147.874802,131.27565
370.948792,70.756371,52.501595,147.630478,130.714767
371.02713,71.078255,53.017174,147.513199,130.995209
372.026306,70.983589,53.133907,149.17453,132.010574
370.72345,71.551605,53.630032,147.7771,131.440033
368.019897,70.434502,52.87125,148.363434,131.643097
370.909607,70.945717,53.746765,148.842239,131.875183
376.04248,71.428535,54.690372,148.988861,131.836533
376.385284,71.485336,54.787655,147.943176,131.314346
375.053131,71.144531,54.310986,148.422058,131.217636
376.532257,71.059319,54.719555,150.171295,131.778458
375.94455,71.16346,54.320709,149.887924,131.768799
366.756256,69.535126,52.812885,150.268997,131.536713
369.910431,69.980087,53.182541,149.43837,131.323975
362.504974,68.531639,51.85955,148.539307,131.120926
368.539063,69.345795,53.260368,148.711502,131.379639
373.750305,70.046349,53.95105,147.752701,131.030853
374.044159,70.216759,54.223434,146.441681,130.720825
378.295441,70.292496,54.242886,146.050354,130.943619
379.784393,70.727974,54.709831,144.827362,130.594833
382.52713,71.220268,54.807106,145.463348,131.156799
382.27243,71.608406,55.390778,145.570953,130.953354
382.105927,71.362251,55.585342,146.539551,131.263351
382.723053,71.845078,56.178749,145.737274,130.914566
384.613617,72.242691,56.227386,143.927307,130.488266
384.280548,72.76339,56.363579,141.735764,129.56781
384.368713,72.337372,56.383034,142.635849,130.216995
382.732849,71.977615,55.604797,142.05864,129.965088
382.056915,72.185898,55.964729,140.170364,129.025253
379.118256,72.00602,54.320709,139.103958,128.221054
379.578674,72.072289,54.563908,138.702835,128.317978
383.761353,72.299507,54.213707,137.792969,128.511749
374.514343,71.068787,52.97826,135.542694,126.477104
372.584625,70.065292,52.26812,140.023575,128.153259
381.61618,71.381203,53.668938,138.174225,128.278534
378.638306,71.305466,53.143635,138.184052,128.132874
373.622955,70.86998,53.036629,136.685287,127.181442
368.999451,70.197823,51.801182,135.803726,126.142624
375.787781,70.652237,52.365406,136.068222,125.977608
373.91687,70.406097,50.954853,135.0103,124.802872
379.255402,71.352798,52.073563,136.881241,125.744591
381.61618,71.655746,51.840092,137.155548,126.336815
385.485413,72.034424,53.474384,136.166168,126.41449
386.004578,72.214287,52.521049,133.276505,124.958214
388.306549,72.271095,52.647507,134.060135,125.385353
387.816772,72.394173,52.87125,133.521408,125.298012
389.13916,72.820175,52.939342,132.522293,125.414505
383.477325,72.157494,51.966553,131.180298,124.69606
382.767761,72.3563,52.608601,131.993347,124.880539
385.824127,72.422562,52.45295,133.472427,125.327087
382.787415,71.419075,51.450977,134.677307,125.696053
380.841522,71.059319,50.273899,135.402115,126.074669
382.984009,71.589478,50.507366,134.334427,125.929039
389.155762,72.517235,51.820641,133.864273,125.84166
388.959198,72.233231,51.460705,132.727966,125.540695
387.927307,72.138557,51.62608,133.423492,125.929039
389.499695,71.826149,51.888733,132.679001,126.25914
393.705994,72.76339,52.394585,134.881104,127.050972
399.356842,73.823685,52.598866,134.292587,126.428391
399.120941,73.037933,52.890709,135.204758,127.274666
399.582855,73.1894,52.112476,134.263138,127.021797
401.479614,73.605949,52.540497,135.371506,127.488678
404.398376,73.833153,52.093018,134.881104,127.226051
404.545837,73.426071,51.781723,134.822235,127.196838
405.744843,73.852089,51.995743,135.832535,127.761063
404.359161,73.908897,52.258392,135.400955,127.585976
408.702972,74.524246,52.735058,137.666809,128.373886
410.069,75.063866,52.87125,136.597641,127.49839
408.054321,74.93132,52.676697,136.205307,127.167686
405.066711,73.587021,52.248665,136.833023,127.410858
408.899536,74.344368,52.569687,137.107681,127.848602
405.164978,74.098228,52.384853,137.706055,127.97509
409.557953,74.855591,53.143635,137.382324,128.082062
410.412933,74.912384,53.211727,137.186157,128.023697
410.324524,74.666252,53.182541,135.989471,127.449776
410.206573,74.855591,53.58139,136.077759,127.469231
412.82074,74.88398,53.454929,135.675613,127.313606
410.108307,73.946754,52.511318,135.989471,127.576225
410.992828,74.760925,52.511318,136.071045,127.883255
408.457275,73.653282,51.917915,136.994415,127.961197
408.585022,74.656776,52.161114,137.220337,128.117172
411.847839,75.272141,52.657238,137.446259,128.360825
414.845245,76.124168,53.202003,136.768463,128.409561
410.737274,75.717094,52.248665,135.383423,127.71756
407.071564,74.723045,52.102745,134.617172,127.249733
398.423248,73.530205,50.663017,133.202667,126.557755
403.20932,74.0793,50.594921,133.408936,127.035316
409.400726,75.319473,51.509342,134.656509,127.727303
408.358978,75.177475,51.460705,134.371597,127.581116
404.840668,75.338417,52.151386,134.027786,127.162018
403.779327,74.675713,51.995743,133.703613,126.937859
408.123138,75.660286,52.297306,134.803818,127.80529
407.789001,75.76442,51.694172,135.236038,127.89299
411.946106,76.228302,52.122204,135.73703,128.243851
411.032104,76.247238,52.637787,136.994415,128.721451
411.847839,76.199898,53.026897,136.758621,128.653214
412.064026,76.341904,53.036629,136.208572,128.263397
412.801086,76.521782,53.377106,135.992462,128.37059
412.437439,76.796333,54.476364,135.961945,128.387192
413.08609,77.051941,54.563908,136.276733,128.59227
411.552948,76.673241,53.980236,135.765167,128.084457
415.316986,77.326469,54.466633,137.624451,128.992615
414.914063,77.582077,54.194244,137.201477,128.885223
415.002472,77.54422,53.931595,138.165497,129.37352
414.383362,77.335945,53.775951,139.385345,129.84227
416.30957,77.548981,54.206825,140.221497,130.428162
416.997559,77.731316,54.021191,139.99527,130.535599
417.931122,77.865662,54.167744,138.923004,130.057083
417.164612,77.961624,53.796467,138.755753,130.154739
414.835419,77.481804,53.063679,138.637711,129.783646
414.697845,76.944412,53.356792,140.713394,130.506287
409.103394,75.351395,52.985512,143.359634,131.189865
414.960083,76.339836,53.210236,140.959305,130.428162
417.178558,76.349426,52.965973,141.303619,130.643021
416.67572,75.860008,53.288399,140.939651,130.437958
419.140656,76.58934,53.776924,141.165924,130.691833
420.629517,76.752487,54.226372,139.700134,130.350052
421.477448,76.263062,54.275223,141.136368,130.906708
421.704224,76.282249,54.236137,141.372513,131.062958
422.059174,75.696861,53.884403,142.002106,131.209412
424.395935,75.879204,53.581512,142.009949,131.094925
427.639801,76.138298,53.522892,142.866913,131.466721
426.860931,75.63929,52.584919,144.541443,131.946167
428.369446,76.051933,52.526295,145.821945,132.396225
424.879059,75.073097,51.431999,146.393265,132.464691
429.414612,76.349426,52.321114,144.334595,131.907028
430.952728,76.675705,52.369965,144.147415,131.838516
429.483612,76.272659,52.418827,143.044235,131.349304
430.124481,76.445396,52.643547,144.669464,131.955902
428.655396,75.716064,52.770561,146.265259,132.23967
425.293152,75.159462,52.360199,145.989426,132.053772
419.012482,73.796768,51.48085,149.190735,133.002808
425.01712,74.334167,51.646954,147.752609,132.816925
428.458191,75.466553,51.979153,145.881073,132.34729
429.355469,75.495338,52.076859,147.260117,132.895187
433.772644,76.023148,51.304981,146.275085,132.836487
434.837494,76.128708,50.32793,145.84166,132.542969
432.855682,75.821625,49.311802,147.397995,133.110443
432.678162,76.147896,50.65036,147.407852,133.345261
434.472687,76.675705,50.904388,146.590286,132.963669
432.362701,76.282249,50.415867,147.279816,133.071304
431.455566,76.666115,50.777378,148.59343,133.456497
434.965668,77.213104,50.992325,148.672348,133.593735
432.826111,76.982788,51.25613,148.978088,133.623138
435.567139,77.357056,51.177967,148.218658,133.074249
436.286865,77.069153,50.748066,145.74324,131.986282
435.931915,77.030769,50.914162,145.220581,131.417801
436.474213,77.203514,50.982555,144.549942,131.123764
437.558807,77.731316,51.119343,144.461182,131.329575
438.870178,77.664146,50.669903,144.224503,131.515808
439.668823,78.134369,50.542885,146.50267,132.397949
440.704071,77.731316,50.083668,146.857727,132.476379
437.815125,77.001984,49.165241,146.798523,132.241119
433.023285,76.704498,49.243408,147.291656,132.152924
433.693756,75.946381,48.403145,148.37648,132.456741
437.144684,76.243858,48.364059,148.475098,132.544968
440.990021,76.954002,49.096848,148.37648,132.642975
441.690033,77.117142,50.210686,147.222595,132.339127
442.616913,77.145927,50.26931,145.999664,131.996078
440.004089,76.742874,49.790554,146.404007,131.956879
443.93811,77.44342,50.406097,147.400116,132.691986
445.89035,77.424232,50.513573,147.784744,132.917389
445.229767,77.385841,51.207279,146.778778,132.613586
445.46637,78.086395,51.861908,147.024673,132.784424
446.836914,78.403061,51.627415,147.666519,133.02005
446.728424,78.758141,51.900986,146.323563,132.538956
445.131134,78.815712,52.203873,145.089233,131.910583
444.588867,78.191948,51.441772,146.076706,132.332748
442.685944,78.057587,51.344067,147.844284,133.196808
439.195557,77.884857,51.285446,146.540787,132.813904
440.319519,78.499039,51.422234,147.429535,133.137878
437.943329,78.172752,50.992325,149.216873,133.540421
441.601349,78.403061,50.982555,148.693481,133.383331
440.901276,78.27832,50.406097,148.012146,133.196808
436.606415,77.251503,50.191143,147.301178,132.902237
429.326385,75.821625,48.842815,149.128006,133.314636
428.920837,76.570145,49.204323,148.999603,133.304779
433.104858,76.954002,49.819866,149.888367,133.677887
438.367096,77.788895,50.210686,146.501297,132.754974
439.089203,77.05957,49.614685,145.069504,132.47023
437.833008,77.011589,49.937111,144.536224,132.401505
429.009857,75.332199,49.292259,142.284805,130.987625
429.731903,75.159462,48.833042,142.531677,130.958206
424.479614,74.861977,49.223866,142.511948,130.614548
429.5242,75.044304,49.175014,143.711243,131.563858
423.985016,74.257401,48.451992,143.345413,131.347427
428.396576,74.766014,48.793961,141.961212,130.806366
430.177032,74.266998,48.520386,142.762085,130.845718
433.896179,74.842781,49.468128,141.269104,130.265305
433.104858,74.833183,49.65377,140.280365,129.665253
429.96933,74.593285,49.556065,139.924454,129.419312
428.91095,74.63166,49.302029,142.317154,130.245651
430.45401,75.37059,49.985962,143.70137,130.904755
437.694519,76.11911,50.142292,144.235275,131.52449
441.027863,76.752487,50.748066,143.394867,131.052292
442.333557,76.426201,50.621052,144.067184,130.944107
445.746094,76.886826,51.295212,142.079849,130.225952
447.496887,77.155533,51.285446,141.120789,129.911194
448.664063,76.790855,50.953243,140.952698,129.635712
448.199158,77.251503,50.845772,142.505005,130.157104
450.602783,77.097946,51.109573,142.287491,130.216156
451.008301,77.251503,50.845772,143.464066,130.776886
449.010284,76.944412,50.435406,146.074326,131.573685
453.342712,77.692932,50.484261,145.579926,131.376953
454.262573,77.24189,49.751469,146.024872,131.308044
455.044037,77.990417,50.142292,144.97348,131.073486
456.883789,77.827286,49.692844,145.616989,131.576187
459.673187,78.460648,49.927338,144.112228,131.241058
461.839417,78.412666,49.810093,145.626892,131.93103
463.441833,78.527824,49.751469,147.804855,132.896957
463.837463,78.518227,50.210686,147.527664,132.591431
462.304291,78.345497,50.015274,149.448242,132.946259
458.585114,77.395439,49.810093,146.715866,131.586044
458.73349,77.673744,50.669903,146.498077,131.211487
462.195496,78.095978,50.80669,145.854584,131.073486
462.353729,77.952042,50.640591,144.023102,130.077972
464.183655,77.779305,50.708988,143.65683,129.86113
463.056091,77.683334,50.445183,144.795303,130.383514
464.628784,77.760109,49.829636,145.339783,130.67923
463.797913,77.097946,49.751469,146.874283,131.172043
462.492249,76.646919,49.35088,145.151688,130.028671
463.10553,76.570145,49.302029,143.052933,129.102158
464.341919,76.061539,49.233635,145.349686,129.723114
453.985626,74.017487,47.582417,149.022537,130.777771
459.554504,74.391739,47.768059,147.824677,130.866501
450.612671,73.739182,47.719208,150.07193,131.152344
445.607605,73.31694,47.895077,150.997696,131.171097
452.432678,74.228607,48.481304,151.186035,131.477219
448.495911,73.921532,47.797367,152.98999,132.573257
453.807587,74.63166,48.168648,150.888657,131.901825
463.19455,76.20549,48.930748,149.669525,131.961044
464.421051,76.349426,49.12616,147.082474,131.082245
461.285492,75.716064,48.891666,147.905197,130.973618
465.627777,75.879204,48.930748,147.548386,131.121719
461.503113,75.168419,48.154762,149.728973,131.714188
458.327942,74.768135,48.04575,149.372162,131.121719
465.489319,75.783524,47.907001,147.934921,131.289612
461.384399,75.793282,47.966465,147.992477,131.285645
456.473938,74.836472,47.728615,149.669479,131.592316
451.620056,74.670494,47.01506,148.548187,131.018524
459.640411,75.500381,47.807899,147.982559,131.275757
464.236206,76.203346,48.035839,148.667267,131.483505
467.124725,76.652466,48.2836,147.377243,131.285645
473.735535,77.248039,48.501629,147.734482,131.671494
473.348389,77.277328,48.34306,147.149002,131.503281
473.953918,77.248039,48.125034,145.541489,130.781082
472.643646,77.045509,48.676346,146.762009,131.30542
471.452484,76.977028,48.438366,147.049805,131.107574
474.18219,77.47599,48.785419,143.189713,129.712585
474.023376,77.916245,48.616852,142.594345,129.821411
464.921112,77.2314,47.823593,141.820343,129.059631
464.484375,76.840057,48.04174,142.187485,128.891418
462.648041,77.065079,48.478031,141.165421,128.337402
462.072296,76.350883,48.478031,141.512711,128.218689
466.281006,77.18248,49.598511,142.455414,128.604523
467.541595,77.935822,50.421516,141.909653,128.515472
461.099518,77.36837,49.707584,143.169876,128.921082
461.288147,77.2901,49.687752,141.006653,127.783379
453.118927,76.155205,48.805252,139.022034,126.566483
448.41391,76.086723,49.013481,139.984573,126.764351
443.450836,75.714951,49.301041,140.847885,126.695099
434.745605,74.687668,48.587105,142.524887,127.526138
436.591858,73.944122,47.90292,141.353958,127.130409
431.261536,73.49408,47.813679,141.125717,126.774246
430.179596,73.210358,47.208817,139.418976,125.913513
428.055359,72.867935,46.663452,141.979111,126.200424
438.68631,73.112526,46.891514,142.028732,126.338928
446.587494,74.178932,48.428452,141.294403,126.398293
449.605042,74.883347,48.725925,140.825409,126.608429
453.972565,75.44101,48.646603,141.302383,126.61834
443.301941,74.247414,48.130981,140.199371,125.597382
445.386444,74.423515,48.249969,138.132492,124.34845
443.957062,74.550705,48.150814,138.221939,124.576439
447.609894,74.932259,48.616852,137.297806,124.110558
454.161163,76.145424,49.380363,137.556168,124.526863
446.001862,75.176849,49.053146,135.370056,122.831879
437.207275,74.041962,48.309467,137.377304,123.743797
435.777924,73.562569,47.972332,135.668167,122.643562
442.805634,74.912697,49.013481,134.12793,122.028999
443.301941,75.196419,49.370449,134.922882,122.20742
433.832397,73.983261,48.795334,135.926498,122.296623
431.023315,73.670189,48.309467,137.357422,122.593994
426.397736,72.809227,47.625278,137.715149,122.435394
418.834015,72.212433,47.07,135.8172,121.325233
425.137085,71.243866,46.098255,135.906647,121.900139
434.517303,73.024467,46.951008,136.005997,122.395752
433.405579,71.635208,46.336231,138.987076,123.704163
426.804688,70.069839,45.721458,140.594025,124.127289
434.656281,70.950356,45.800781,135.788147,122.240105
432.49234,69.5513,45.156261,137.171188,122.687065
428.978516,67.535896,44.244011,139.539307,122.806252
416.332581,65.393295,42.588085,138.474625,121.316376
413.176086,65.960739,42.726906,137.081635,120.591293
424.253662,68.719704,43.936626,135.738388,120.799881
422.337921,67.897888,43.113617,133.788193,119.41925
416.967896,67.164124,42.211288,134.235931,119.369583
413.920532,67.780479,41.189968,131.101654,117.641327
423.022827,68.426201,41.249458,130.872818,118.565056
432.403015,70.881866,44.571232,132.156387,119.578171
437.812805,71.478668,44.34317,131.171326,120.750214
442.608063,72.173294,44.977779,132.773285,120.988594
442.478638,71.723251,44.283676,129.698715,119.309998
447.65625,72.398323,45.086853,128.037048,119.021957
441.891144,71.459099,44.789375,130.842957,119.359657
448.552368,72.124382,45.027355,129.818115,119.409317
450.74292,72.163521,44.670387,128.017166,118.465721
453.949066,71.928711,44.819126,129.111664,119.121277
459.564789,73.52343,45.582638,130.086777,120.124458
456.727081,73.220139,45.453732,131.101654,120.40258
449.697449,72.006981,44.769547,131.42009,120.124458
450.971954,72.682045,45.513229,131.920334,120.527573
454.835236,72.975548,46.316402,131.00354,120.945633
449.090057,71.987411,45.463646,128.043839,118.825523
444.599457,71.126457,44.868706,127.007446,118.128777
446.839783,71.282997,44.511738,126.050774,117.581322
445.644958,71.312347,44.551399,124.685539,116.65564
438.027863,70.559013,43.996117,122.71241,115.520935
436.404877,70.030701,43.8573,122.543007,115.600571
441.403259,70.784035,44.432415,122.792137,116.197777
435.907013,70.461174,43.8573,120.330719,114.844093
436.086243,70.05027,43.708565,119.732796,113.968193
443.125824,70.382912,43.490417,118.835922,113.062416
442.797241,70.852516,43.232605,121.227592,114.236931
436.175842,70.089401,42.399685,120.330719,113.022598
424.20755,68.944725,42.022888,119.573357,112.893204
426.666931,68.612083,41.7155,120.769188,114.147346
414.310303,66.694504,40.803253,121.984955,114.087631
415.47525,66.997803,41.279209,120.420403,112.992729
425.96994,67.9468,41.874153,120.599777,113.331161
410.227936,67.154335,42.022888,119.035225,112.077011
412.697266,66.988014,41.963394,116.971901,111.412613
414.589111,67.486977,42.270782,117.760498,112.13089
427.214569,68.670792,42.726906,118.40934,113.228249
412.030151,66.459702,41.150303,115.165115,111.492416
409.57077,65.813988,40.585106,113.468132,110.544693
396.457428,63.827923,39.415051,114.466354,110.933754
397.373444,64.307327,39.603447,115.504509,111.402634
391.06073,63.925758,39.325809,117.730553,111.921387
390.652496,63.769226,39.068001,117.510941,111.971268
399.992157,65.540047,40.148815,115.774033,111.382683
398.369171,65.598755,39.990166,115.654243,111.532326
406.563782,66.821701,40.971821,114.256729,110.89386
390.17453,65.226974,39.990166,116.692398,111.302872
387.784882,65.853119,40.624771,116.971901,111.602158
387.954163,66.303162,40.793335,118.299538,112.150833
395.212799,67.428276,41.100727,116.352997,111.751793
392.195831,67.320656,40.386791,118.648918,113.218277
395.660858,67.340225,40.585106,119.11808,114.385475
403.566711,68.083771,41.219711,118.579041,114.415405
413.473907,68.905594,41.695667,118.868523,115.013969
411.153931,68.494682,42.280697,116.352997,114.166
407.828308,67.770699,41.983227,116.220001,113.5
415.594757,69.179527,42.707073,116.279999,113.550003
408.774231,68.191391,42.01297,116.029999,113.190002
410.01886,68.465332,42.241032,113.889999,112.389999
413.951843,68.670792,42.369938,115.120003,112.989998
409.451294,67.711998,42.598,114.099998,112.339996
399.713348,66.290001,41.59,114.480003,111.599998
388.123413,64.690002,41.130001,113.769997,110.519997
373.387085,62.549999,39.689999,110.199997,107.970001
372.261932,61.959999,40.240002,108.809998,107.410004
377.569031,63.119999,40.77,110.839996,109.089996
365.072998,61.73,39.52,111.720001,109.209999
365.859985,61.48,39.669998,112.080002,109.43
